fc_GHz,scs_kHz,d_min_m,tau_ms,v_kmh,algo,sinr_tau0_dB,sinr_tau0_se,sinr_dB,sinr_se,aging_loss_dB,aging_se,nici_dB,ici_loss_dB,ici_se,aging_ge_ici
5,15,10,1,25,SMI,28.60772,0.02047,28.60237,0.02049,0.00535,0.00059,-37.62108,0.51585,0.00228,0
5,15,10,2,25,SMI,28.60772,0.02047,28.59575,0.02052,0.01197,0.0012,-37.62108,0.51585,0.00228,0
5,15,10,10,25,SMI,28.60772,0.02047,28.49672,0.02139,0.111,0.00684,-37.62108,0.51585,0.00228,0
5,15,10,1,50,SMI,28.59,0.0204,28.57167,0.02048,0.01833,0.00128,-31.60139,1.76584,0.00676,0
5,15,10,2,50,SMI,28.59,0.0204,28.54897,0.02063,0.04103,0.00264,-31.60139,1.76584,0.00676,0
5,15,10,10,50,SMI,28.59,0.0204,28.21644,0.026,0.37356,0.01685,-31.60139,1.76584,0.00676,0
5,15,10,1,100,SMI,28.53713,0.02048,28.48904,0.0209,0.04809,0.00277,-25.58441,4.73829,0.01357,0
5,15,10,2,100,SMI,28.53713,0.02048,28.42988,0.02162,0.10725,0.00579,-25.58441,4.73829,0.01357,0
5,15,10,10,100,SMI,28.53713,0.02048,27.61581,0.0412,0.92131,0.03651,-25.58441,4.73829,0.01357,0
5,15,10,1,200,SMI,28.51596,0.0217,28.45205,0.02263,0.0639,0.00436,-19.57825,9.46244,0.01919,0
5,15,10,2,200,SMI,28.51596,0.0217,28.3737,0.02399,0.14226,0.00893,-19.57825,9.46244,0.01919,0
5,15,10,10,200,SMI,28.51596,0.0217,27.31277,0.05317,1.20319,0.0504,-19.57825,9.46244,0.01919,0
5,15,10,1,300,SMI,28.5174,0.02098,28.44848,0.02119,0.06893,0.00585,-16.08046,12.67923,0.01984,0
5,15,10,2,300,SMI,28.5174,0.02098,28.36646,0.02211,0.15094,0.01146,-16.08046,12.67923,0.01984,0
5,15,10,10,300,SMI,28.5174,0.02098,27.31914,0.05011,1.19826,0.05008,-16.08046,12.67923,0.01984,0
5,15,10,1,25,DL,28.87508,0.01961,28.8713,0.0196,0.00378,0.0005,-37.62107,0.54641,0.0023,0
5,15,10,2,25,DL,28.87508,0.01961,28.86686,0.01958,0.00822,0.001,-37.62107,0.54641,0.0023,0
5,15,10,10,25,DL,28.87508,0.01961,28.80587,0.0196,0.0692,0.00497,-37.62107,0.54641,0.0023,0
5,15,10,1,50,DL,28.86095,0.01938,28.84852,0.01935,0.01243,0.00099,-31.60138,1.85762,0.00669,0
5,15,10,2,50,DL,28.86095,0.01938,28.83332,0.01935,0.02763,0.00198,-31.60138,1.85762,0.00669,0
5,15,10,10,50,DL,28.86095,0.01938,28.60155,0.01992,0.2594,0.00963,-31.60138,1.85762,0.00669,0
5,15,10,1,100,DL,28.80043,0.01975,28.75596,0.01998,0.04446,0.00197,-25.58438,4.91436,0.01333,0
5,15,10,2,100,DL,28.80043,0.01975,28.69999,0.02025,0.10044,0.00391,-25.58438,4.91436,0.01333,0
5,15,10,10,100,DL,28.80043,0.01975,27.78523,0.02354,1.01519,0.01763,-25.58438,4.91436,0.01333,0
5,15,10,1,200,DL,28.67744,0.02073,28.54209,0.02135,0.13534,0.00377,-19.57821,9.60564,0.01843,0
5,15,10,2,200,DL,28.67744,0.02073,28.36584,0.02213,0.3116,0.00747,-19.57821,9.60564,0.01843,0
5,15,10,10,200,DL,28.67744,0.02073,25.64483,0.03035,3.03261,0.03011,-19.57821,9.60564,0.01843,0
5,15,10,1,300,DL,28.5591,0.02132,28.33587,0.02202,0.22323,0.00579,-16.08042,12.71875,0.02017,0
5,15,10,2,300,DL,28.5591,0.02132,28.04686,0.02335,0.51224,0.01146,-16.08042,12.71875,0.02017,0
5,15,10,10,300,DL,28.5591,0.02132,23.98665,0.03755,4.57245,0.03764,-16.08042,12.71875,0.02017,0
5,15,30,1,25,SMI,28.61322,0.0205,28.61223,0.0205,0.00098,0.00047,-37.62108,0.51648,0.00228,0
5,15,30,2,25,SMI,28.61322,0.0205,28.61114,0.0205,0.00208,0.00095,-37.62108,0.51648,0.00228,0
5,15,30,10,25,SMI,28.61322,0.0205,28.59809,0.0205,0.01513,0.00472,-37.62108,0.51648,0.00228,0
5,15,30,1,50,SMI,28.60923,0.02038,28.60634,0.02036,0.00289,0.00096,-31.60139,1.77226,0.00677,0
5,15,30,2,50,SMI,28.60923,0.02038,28.60295,0.02035,0.00629,0.00192,-31.60139,1.77226,0.00677,0
5,15,30,10,50,SMI,28.60923,0.02038,28.55718,0.02054,0.05205,0.00923,-31.60139,1.77226,0.00677,0
5,15,30,1,100,SMI,28.59313,0.02028,28.58403,0.02031,0.0091,0.0019,-25.58439,4.77543,0.01347,0
5,15,30,2,100,SMI,28.59313,0.02028,28.57279,0.02036,0.02034,0.00377,-25.58439,4.77543,0.01347,0
5,15,30,10,100,SMI,28.59313,0.02028,28.40406,0.02244,0.18907,0.01757,-25.58439,4.77543,0.01347,0
5,15,30,1,200,SMI,28.5763,0.02093,28.55233,0.02112,0.02397,0.00365,-19.57822,9.51579,0.01855,0
5,15,30,2,200,SMI,28.5763,0.02093,28.52207,0.02132,0.05423,0.00718,-19.57822,9.51579,0.01855,0
5,15,30,10,200,SMI,28.5763,0.02093,28.03752,0.03186,0.53878,0.03333,-19.57822,9.51579,0.01855,0
5,15,30,1,300,SMI,28.56411,0.02051,28.52054,0.02054,0.04356,0.00591,-16.08043,12.72338,0.01941,0
5,15,30,2,300,SMI,28.56411,0.02051,28.46802,0.02101,0.09609,0.01124,-16.08043,12.72338,0.01941,0
5,15,30,10,300,SMI,28.56411,0.02051,27.6993,0.03992,0.86481,0.04229,-16.08043,12.72338,0.01941,0
5,15,30,1,25,DL,28.88052,0.01963,28.87954,0.01962,0.00098,0.00045,-37.62107,0.54706,0.00231,0
5,15,30,2,25,DL,28.88052,0.01963,28.8785,0.0196,0.00203,0.0009,-37.62107,0.54706,0.00231,0
5,15,30,10,25,DL,28.88052,0.01963,28.86758,0.01951,0.01295,0.00447,-37.62107,0.54706,0.00231,0
5,15,30,1,50,DL,28.87805,0.01944,28.87563,0.01941,0.00242,0.0009,-31.60138,1.86361,0.00673,0
5,15,30,2,50,DL,28.87805,0.01944,28.87296,0.01939,0.0051,0.0018,-31.60138,1.86361,0.00673,0
5,15,30,10,50,DL,28.87805,0.01944,28.84428,0.01949,0.03377,0.00864,-31.60138,1.86361,0.00673,0
5,15,30,1,100,DL,28.86167,0.01948,28.85559,0.01955,0.00608,0.00178,-25.58438,4.95577,0.0132,0
5,15,30,2,100,DL,28.86167,0.01948,28.84869,0.01962,0.01298,0.00352,-25.58438,4.95577,0.0132,0
5,15,30,10,100,DL,28.86167,0.01948,28.74674,0.02014,0.11493,0.01521,-25.58438,4.95577,0.0132,0
5,15,30,1,200,DL,28.84436,0.02001,28.82564,0.02014,0.01873,0.00339,-19.5782,9.75436,0.01786,0
5,15,30,2,200,DL,28.84436,0.02001,28.80223,0.02023,0.04213,0.00659,-19.5782,9.75436,0.01786,0
5,15,30,10,200,DL,28.84436,0.02001,28.40392,0.02208,0.44044,0.02558,-19.5782,9.75436,0.01786,0
5,15,30,1,300,DL,28.81257,0.02007,28.76838,0.01989,0.04418,0.00538,-16.0804,12.95883,0.01904,0
5,15,30,2,300,DL,28.81257,0.02007,28.71516,0.01993,0.09741,0.01019,-16.0804,12.95883,0.01904,0
5,15,30,10,300,DL,28.81257,0.02007,27.80554,0.02267,1.00703,0.02815,-16.0804,12.95883,0.01904,0
5,15,100,1,25,SMI,28.61377,0.02052,28.61326,0.02052,0.00051,0.00046,-37.62108,0.51654,0.00229,0
5,15,100,2,25,SMI,28.61377,0.02052,28.61277,0.02052,0.00101,0.00093,-37.62108,0.51654,0.00229,0
5,15,100,10,25,SMI,28.61377,0.02052,28.60947,0.02049,0.00431,0.00459,-37.62108,0.51654,0.00229,0
5,15,100,1,50,SMI,28.6116,0.02042,28.61087,0.0204,0.00073,0.00094,-31.60138,1.77307,0.00679,0
5,15,100,2,50,SMI,28.6116,0.02042,28.61017,0.02039,0.00143,0.00187,-31.60138,1.77307,0.00679,0
5,15,100,10,50,SMI,28.6116,0.02042,28.60545,0.02036,0.00615,0.00888,-31.60138,1.77307,0.00679,0
5,15,100,1,100,SMI,28.6051,0.02029,28.60435,0.02029,0.00075,0.00185,-25.58439,4.78341,0.01349,0
5,15,100,2,100,SMI,28.6051,0.02029,28.6035,0.02029,0.0016,0.00365,-25.58439,4.78341,0.01349,0
5,15,100,10,100,SMI,28.6051,0.02029,28.59034,0.02044,0.01476,0.01554,-25.58439,4.78341,0.01349,0
5,15,100,1,200,SMI,28.60532,0.0207,28.60445,0.02076,0.00087,0.00353,-19.57821,9.5415,0.01836,0
5,15,100,2,200,SMI,28.60532,0.0207,28.60308,0.02071,0.00223,0.0068,-19.57821,9.5415,0.01836,0
5,15,100,10,200,SMI,28.60532,0.0207,28.54575,0.02155,0.05957,0.02535,-19.57821,9.5415,0.01836,0
5,15,100,1,300,SMI,28.6109,0.02026,28.60367,0.0201,0.00723,0.00574,-16.08041,12.76766,0.01917,0
5,15,100,2,300,SMI,28.6109,0.02026,28.59621,0.02012,0.0147,0.01066,-16.08041,12.76766,0.01917,0
5,15,100,10,300,SMI,28.6109,0.02026,28.44968,0.02261,0.16122,0.02849,-16.08041,12.76766,0.01917,0
5,15,100,1,25,DL,28.88164,0.01964,28.88112,0.01963,0.00052,0.00044,-37.62107,0.54719,0.00231,0
5,15,100,2,25,DL,28.88164,0.01964,28.88059,0.01962,0.00105,0.00089,-37.62107,0.54719,0.00231,0
5,15,100,10,25,DL,28.88164,0.01964,28.87613,0.01953,0.00551,0.00441,-37.62107,0.54719,0.00231,0
5,15,100,1,50,DL,28.8809,0.01947,28.87983,0.01945,0.00107,0.00089,-31.60138,1.86461,0.00675,0
5,15,100,2,50,DL,28.8809,0.01947,28.87877,0.01944,0.00212,0.00179,-31.60138,1.86461,0.00675,0
5,15,100,10,50,DL,28.8809,0.01947,28.87295,0.01956,0.00795,0.00856,-31.60138,1.86461,0.00675,0
5,15,100,1,100,DL,28.87138,0.01944,28.87038,0.01949,0.001,0.00177,-25.58438,4.96235,0.01318,0
5,15,100,2,100,DL,28.87138,0.01944,28.86967,0.01953,0.00171,0.00351,-25.58438,4.96235,0.01318,0
5,15,100,10,100,DL,28.87138,0.01944,28.86077,0.01976,0.01061,0.0151,-25.58438,4.96235,0.01318,0
5,15,100,1,200,DL,28.87197,0.01994,28.87055,0.02003,0.00141,0.00339,-19.5782,9.77903,0.01781,0
5,15,100,2,200,DL,28.87197,0.01994,28.86915,0.02004,0.00282,0.00656,-19.5782,9.77903,0.01781,0
5,15,100,10,200,DL,28.87197,0.01994,28.83998,0.02031,0.03198,0.0247,-19.5782,9.77903,0.01781,0
5,15,100,1,300,DL,28.87231,0.01977,28.86652,0.01949,0.00579,0.00542,-16.0804,13.01553,0.01878,0
5,15,100,2,300,DL,28.87231,0.01977,28.8627,0.0194,0.00961,0.01023,-16.0804,13.01553,0.01878,0
5,15,100,10,300,DL,28.87231,0.01977,28.77376,0.02011,0.09855,0.02721,-16.0804,13.01553,0.01878,0
5,15,500,1,25,SMI,28.61379,0.02052,28.6133,0.02053,0.00049,0.00046,-37.62108,0.51655,0.00229,0
5,15,500,2,25,SMI,28.61379,0.02052,28.61285,0.02053,0.00094,0.00092,-37.62108,0.51655,0.00229,0
5,15,500,10,25,SMI,28.61379,0.02052,28.61034,0.02051,0.00345,0.00458,-37.62108,0.51655,0.00229,0
5,15,500,1,50,SMI,28.61172,0.02044,28.61121,0.02043,0.00051,0.00094,-31.60138,1.77313,0.0068,0
5,15,500,2,50,SMI,28.61172,0.02044,28.61078,0.02041,0.00094,0.00187,-31.60138,1.77313,0.0068,0
5,15,500,10,50,SMI,28.61172,0.02044,28.61009,0.0204,0.00163,0.00885,-31.60138,1.77313,0.0068,0
5,15,500,1,100,SMI,28.60657,0.02031,28.6067,0.02031,-0.00013,0.00185,-25.58439,4.78441,0.0135,0
5,15,500,2,100,SMI,28.60657,0.02031,28.60693,0.02031,-0.00035,0.00366,-25.58439,4.78441,0.0135,0
5,15,500,10,100,SMI,28.60657,0.02031,28.60997,0.02039,-0.00339,0.01551,-25.58439,4.78441,0.0135,0
5,15,500,1,200,SMI,28.60862,0.02067,28.61073,0.02074,-0.00211,0.00354,-19.57821,9.54444,0.01834,0
5,15,500,2,200,SMI,28.60862,0.02067,28.61309,0.02069,-0.00446,0.00682,-19.57821,9.54444,0.01834,0
5,15,500,10,200,SMI,28.60862,0.02067,28.61492,0.02089,-0.0063,0.02495,-19.57821,9.54444,0.01834,0
5,15,500,1,300,SMI,28.61898,0.02022,28.61845,0.02004,0.00053,0.00576,-16.08041,12.77531,0.01914,0
5,15,500,2,300,SMI,28.61898,0.02022,28.61937,0.02002,-0.0004,0.01066,-16.08041,12.77531,0.01914,0
5,15,500,10,300,SMI,28.61898,0.02022,28.60117,0.02092,0.01781,0.02746,-16.08041,12.77531,0.01914,0
5,15,500,1,25,DL,28.88193,0.01964,28.8815,0.01963,0.00043,0.00044,-37.62107,0.54723,0.00231,0
5,15,500,2,25,DL,28.88193,0.01964,28.88107,0.01962,0.00086,0.00089,-37.62107,0.54723,0.00231,0
5,15,500,10,25,DL,28.88193,0.01964,28.87764,0.01954,0.00429,0.0044,-37.62107,0.54723,0.00231,0
5,15,500,1,50,DL,28.8815,0.01949,28.88065,0.01947,0.00085,0.00089,-31.60138,1.86483,0.00675,0
5,15,500,2,50,DL,28.8815,0.01949,28.87983,0.01946,0.00166,0.00179,-31.60138,1.86483,0.00675,0
5,15,500,10,50,DL,28.8815,0.01949,28.87682,0.0196,0.00468,0.00856,-31.60138,1.86483,0.00675,0
5,15,500,1,100,DL,28.87318,0.01943,28.87291,0.01947,0.00027,0.00178,-25.58438,4.96357,0.01317,0
5,15,500,2,100,DL,28.87318,0.01943,28.87303,0.01952,0.00016,0.00352,-25.58438,4.96357,0.01317,0
5,15,500,10,100,DL,28.87318,0.01943,28.87426,0.01973,-0.00108,0.01514,-25.58438,4.96357,0.01317,0
5,15,500,1,200,DL,28.87556,0.01994,28.87601,0.02003,-0.00045,0.00341,-19.5782,9.78224,0.01782,0
5,15,500,2,200,DL,28.87556,0.01994,28.87686,0.02004,-0.0013,0.00659,-19.5782,9.78224,0.01782,0
5,15,500,10,200,DL,28.87556,0.01994,28.8809,0.02011,-0.00534,0.02463,-19.5782,9.78224,0.01782,0
5,15,500,1,300,DL,28.88031,0.01971,28.8788,0.01942,0.00151,0.00545,-16.0804,13.02312,0.01872,0
5,15,500,2,300,DL,28.88031,0.01971,28.8802,0.01933,0.00011,0.01028,-16.0804,13.02312,0.01872,0
5,15,500,10,300,DL,28.88031,0.01971,28.86771,0.01988,0.0126,0.02723,-16.0804,13.02312,0.01872,0
28,120,10,1,25,SMI,28.61371,0.02046,28.61021,0.02044,0.0035,0.0026,-40.71897,0.26086,0.00119,0
28,120,10,2,25,SMI,28.61371,0.02046,28.60637,0.0204,0.00734,0.00514,-40.71897,0.26086,0.00119,0
28,120,10,10,25,SMI,28.61371,0.02046,28.54092,0.02069,0.07279,0.02065,-40.71897,0.26086,0.00119,0
28,120,10,1,50,SMI,28.61249,0.02057,28.60514,0.02055,0.00735,0.00514,-34.69881,0.95988,0.00405,0
28,120,10,2,50,SMI,28.61249,0.02057,28.59504,0.02058,0.01745,0.00982,-34.69881,0.95988,0.00405,0
28,120,10,10,50,SMI,28.61249,0.02057,28.32756,0.02389,0.28493,0.02918,-34.69881,0.95988,0.00405,0
28,120,10,1,100,SMI,28.60812,0.02046,28.58685,0.02058,0.02126,0.00964,-28.67998,2.98052,0.01009,0
28,120,10,2,100,SMI,28.60812,0.02046,28.54568,0.02092,0.06244,0.01708,-28.67998,2.98052,0.01009,0
28,120,10,10,100,SMI,28.60812,0.02046,27.48702,0.04465,1.1211,0.04745,-28.67998,2.98052,0.01009,0
28,120,10,1,200,SMI,28.60032,0.02021,28.52563,0.02074,0.0747,0.01706,-22.66644,6.92427,0.01607,0
28,120,10,2,200,SMI,28.60032,0.02021,28.36476,0.02365,0.23557,0.02776,-22.66644,6.92427,0.01607,0
28,120,10,10,200,SMI,28.60032,0.02021,25.28961,0.09106,3.31071,0.09273,-22.66644,6.92427,0.01607,0
28,120,10,1,300,SMI,28.59655,0.02052,28.44172,0.02218,0.15483,0.02403,-19.1564,9.9103,0.0184,0
28,120,10,2,300,SMI,28.59655,0.02052,28.11433,0.02946,0.48221,0.03449,-19.1564,9.9103,0.0184,0
28,120,10,10,300,SMI,28.59655,0.02052,23.06889,0.11965,5.52766,0.12184,-19.1564,9.9103,0.0184,0
28,120,10,1,25,DL,28.88129,0.01964,28.87758,0.01954,0.00371,0.00248,-40.71896,0.2768,0.0012,0
28,120,10,2,25,DL,28.88129,0.01964,28.87325,0.01946,0.00804,0.00491,-40.71896,0.2768,0.0012,0
28,120,10,10,25,DL,28.88129,0.01964,28.83087,0.0199,0.05042,0.02018,-40.71896,0.2768,0.0012,0
28,120,10,1,50,DL,28.88132,0.01966,28.87303,0.01958,0.00829,0.00496,-34.6988,1.01413,0.00407,0
28,120,10,2,50,DL,28.88132,0.01966,28.86481,0.01969,0.01651,0.00954,-34.6988,1.01413,0.00407,0
28,120,10,10,50,DL,28.88132,0.01966,28.71126,0.01991,0.17006,0.02691,-34.6988,1.01413,0.00407,0
28,120,10,1,100,DL,28.87604,0.0194,28.86107,0.01972,0.01497,0.00946,-28.67997,3.11484,0.00987,0
28,120,10,2,100,DL,28.87604,0.0194,28.83768,0.02007,0.03836,0.01681,-28.67997,3.11484,0.00987,0
28,120,10,10,100,DL,28.87604,0.0194,28.13098,0.02192,0.74506,0.02879,-28.67997,3.11484,0.00987,0
28,120,10,1,200,DL,28.86641,0.01954,28.8207,0.0197,0.04571,0.01624,-22.66643,7.13723,0.01572,0
28,120,10,2,200,DL,28.86641,0.01954,28.72771,0.02012,0.1387,0.02529,-22.66643,7.13723,0.01572,0
28,120,10,10,200,DL,28.86641,0.01954,26.06928,0.02681,2.79713,0.0328,-22.66643,7.13723,0.01572,0
28,120,10,1,300,DL,28.86445,0.01999,28.77095,0.02011,0.0935,0.02243,-19.15638,10.15138,0.01803,0
28,120,10,2,300,DL,28.86445,0.01999,28.55555,0.02148,0.3089,0.02846,-19.15638,10.15138,0.01803,0
28,120,10,10,300,DL,28.86445,0.01999,23.42774,0.02736,5.43671,0.03403,-19.15638,10.15138,0.01803,0
28,120,30,1,25,SMI,28.61366,0.02047,28.61095,0.02047,0.00271,0.00257,-40.71897,0.26086,0.00119,0
28,120,30,2,25,SMI,28.61366,0.02047,28.60909,0.02044,0.00457,0.0051,-40.71897,0.26086,0.00119,0
28,120,30,10,25,SMI,28.61366,0.02047,28.60348,0.02041,0.01019,0.0203,-40.71897,0.26086,0.00119,0
28,120,30,1,50,SMI,28.6127,0.02057,28.60955,0.02052,0.00315,0.00512,-34.69881,0.95991,0.00405,0
28,120,30,2,50,SMI,28.6127,0.02057,28.6085,0.0205,0.0042,0.00979,-34.69881,0.95991,0.00405,0
28,120,30,10,50,SMI,28.6127,0.02057,28.58609,0.02026,0.0266,0.02684,-34.69881,0.95991,0.00405,0
28,120,30,1,100,SMI,28.61007,0.02043,28.6079,0.02044,0.00217,0.00966,-28.67998,2.98147,0.01007,0
28,120,30,2,100,SMI,28.61007,0.02043,28.60511,0.02053,0.00496,0.01698,-28.67998,2.98147,0.01007,0
28,120,30,10,100,SMI,28.61007,0.02043,28.44654,0.02182,0.16353,0.02839,-28.67998,2.98147,0.01007,0
28,120,30,1,200,SMI,28.60722,0.0202,28.60348,0.02005,0.00374,0.0166,-22.66644,6.92977,0.01606,0
28,120,30,2,200,SMI,28.60722,0.0202,28.58635,0.02051,0.02088,0.02563,-22.66644,6.92977,0.01606,0
28,120,30,10,200,SMI,28.60722,0.0202,28.12012,0.02975,0.4871,0.03556,-22.66644,6.92977,0.01606,0
28,120,30,1,300,SMI,28.6087,0.02053,28.59574,0.02046,0.01296,0.0228,-19.15639,9.92121,0.01841,0
28,120,30,2,300,SMI,28.6087,0.02053,28.55148,0.02148,0.05722,0.02833,-19.15639,9.92121,0.01841,0
28,120,30,10,300,SMI,28.6087,0.02053,27.55788,0.04391,1.05081,0.04851,-19.15639,9.92121,0.01841,0
28,120,30,1,25,DL,28.88159,0.01964,28.87895,0.01957,0.00265,0.00247,-40.71896,0.27682,0.0012,0
28,120,30,2,25,DL,28.88159,0.01964,28.87623,0.0195,0.00536,0.0049,-40.71896,0.27682,0.0012,0
28,120,30,10,25,DL,28.88159,0.01964,28.86853,0.01988,0.01306,0.02004,-40.71896,0.27682,0.0012,0
28,120,30,1,50,DL,28.88201,0.01966,28.87684,0.01958,0.00516,0.00493,-34.6988,1.01427,0.00407,0
28,120,30,2,50,DL,28.88201,0.01966,28.87407,0.01967,0.00794,0.0095,-34.6988,1.01427,0.00407,0
28,120,30,10,50,DL,28.88201,0.01966,28.86051,0.01948,0.0215,0.02657,-34.6988,1.01427,0.00407,0
28,120,30,1,100,DL,28.87813,0.01938,28.87438,0.01963,0.00375,0.00941,-28.67997,3.1159,0.00986,0
28,120,30,2,100,DL,28.87813,0.01938,28.87204,0.01988,0.00609,0.01674,-28.67997,3.1159,0.00986,0
28,120,30,10,100,DL,28.87813,0.01938,28.77183,0.01987,0.1063,0.0275,-28.67997,3.1159,0.00986,0
28,120,30,1,200,DL,28.87243,0.01951,28.86769,0.01949,0.00473,0.01623,-22.66643,7.14207,0.0157,0
28,120,30,2,200,DL,28.87243,0.01951,28.85968,0.01961,0.01274,0.02514,-22.66643,7.14207,0.0157,0
28,120,30,10,200,DL,28.87243,0.01951,28.59048,0.02177,0.28195,0.02922,-22.66643,7.14207,0.0157,0
28,120,30,1,300,DL,28.8742,0.01995,28.86689,0.01969,0.00732,0.02235,-19.15638,10.16018,0.01801,0
28,120,30,2,300,DL,28.8742,0.01995,28.84281,0.02042,0.0314,0.02794,-19.15638,10.16018,0.01801,0
28,120,30,10,300,DL,28.8742,0.01995,28.19622,0.02199,0.67798,0.03,-19.15638,10.16018,0.01801,0
28,120,100,1,25,SMI,28.61362,0.02048,28.61093,0.02049,0.0027,0.00257,-40.71897,0.26085,0.00119,0
28,120,100,2,25,SMI,28.61362,0.02048,28.60921,0.02046,0.00441,0.00509,-40.71897,0.26085,0.00119,0
28,120,100,10,25,SMI,28.61362,0.02048,28.60971,0.02045,0.00391,0.02026,-40.71897,0.26085,0.00119,0
28,120,100,1,50,SMI,28.61268,0.02057,28.60995,0.02052,0.00273,0.00512,-34.69881,0.95991,0.00405,0
28,120,100,2,50,SMI,28.61268,0.02057,28.60987,0.02049,0.00281,0.00979,-34.69881,0.95991,0.00405,0
28,120,100,10,50,SMI,28.61268,0.02057,28.61484,0.02012,-0.00216,0.0268,-34.69881,0.95991,0.00405,0
28,120,100,1,100,SMI,28.61037,0.02042,28.61064,0.02042,-0.00027,0.00968,-28.67998,2.98162,0.01007,0
28,120,100,2,100,SMI,28.61037,0.02042,28.61251,0.02052,-0.00214,0.01704,-28.67998,2.98162,0.01007,0
28,120,100,10,100,SMI,28.61037,0.02042,28.57005,0.02048,0.04033,0.02768,-28.67998,2.98162,0.01007,0
28,120,100,1,200,SMI,28.60822,0.0202,28.61303,0.01999,-0.00481,0.01657,-22.66644,6.93057,0.01606,0
28,120,100,2,200,SMI,28.60822,0.0202,28.61313,0.02029,-0.00491,0.02549,-22.66644,6.93057,0.01606,0
28,120,100,10,200,SMI,28.60822,0.0202,28.59362,0.02141,0.01461,0.02911,-22.66644,6.93057,0.01606,0
28,120,100,1,300,SMI,28.61021,0.02055,28.61482,0.02037,-0.00461,0.02275,-19.15639,9.92257,0.01843,0
28,120,100,2,300,SMI,28.61021,0.02055,28.60728,0.02108,0.00293,0.02802,-19.15639,9.92257,0.01843,0
28,120,100,10,300,SMI,28.61021,0.02055,28.53185,0.02131,0.07836,0.02924,-19.15639,9.92257,0.01843,0
28,120,100,1,25,DL,28.88169,0.01965,28.8793,0.01957,0.00239,0.00247,-40.71896,0.27683,0.0012,0
28,120,100,2,25,DL,28.88169,0.01965,28.8769,0.01951,0.00479,0.0049,-40.71896,0.27683,0.0012,0
28,120,100,10,25,DL,28.88169,0.01965,28.87401,0.01991,0.00768,0.02002,-40.71896,0.27683,0.0012,0
28,120,100,1,50,DL,28.8822,0.01966,28.87765,0.01958,0.00455,0.00493,-34.6988,1.01431,0.00407,0
28,120,100,2,50,DL,28.8822,0.01966,28.87573,0.01968,0.00646,0.0095,-34.6988,1.01431,0.00407,0
28,120,100,10,50,DL,28.8822,0.01966,28.8785,0.01945,0.0037,0.02654,-34.6988,1.01431,0.00407,0
28,120,100,1,100,DL,28.87866,0.01938,28.87683,0.01961,0.00184,0.0094,-28.67997,3.11617,0.00986,0
28,120,100,2,100,DL,28.87866,0.01938,28.87742,0.01984,0.00125,0.01674,-28.67997,3.11617,0.00986,0
28,120,100,10,100,DL,28.87866,0.01938,28.84125,0.01964,0.03741,0.02742,-28.67997,3.11617,0.00986,0
28,120,100,1,200,DL,28.87374,0.0195,28.87485,0.01945,-0.00111,0.01625,-22.66643,7.14312,0.01569,0
28,120,100,2,200,DL,28.87374,0.0195,28.87696,0.01955,-0.00323,0.02515,-22.66643,7.14312,0.01569,0
28,120,100,10,200,DL,28.87374,0.0195,28.87329,0.02075,0.00045,0.0286,-22.66643,7.14312,0.01569,0
28,120,100,1,300,DL,28.87584,0.01995,28.87882,0.01964,-0.00298,0.02236,-19.15638,10.16166,0.018,0
28,120,100,2,300,DL,28.87584,0.01995,28.87446,0.02031,0.00138,0.02791,-19.15638,10.16166,0.018,0
28,120,100,10,300,DL,28.87584,0.01995,28.84063,0.01964,0.03522,0.02831,-19.15638,10.16166,0.018,0
28,120,500,1,25,SMI,28.61361,0.02048,28.61088,0.02049,0.00272,0.00257,-40.71897,0.26085,0.00119,0
28,120,500,2,25,SMI,28.61361,0.02048,28.60916,0.02047,0.00445,0.00509,-40.71897,0.26085,0.00119,0
28,120,500,10,25,SMI,28.61361,0.02048,28.61001,0.02046,0.00359,0.02025,-40.71897,0.26085,0.00119,0
28,120,500,1,50,SMI,28.61266,0.02056,28.60996,0.02052,0.00271,0.00512,-34.69881,0.95991,0.00405,0
28,120,500,2,50,SMI,28.61266,0.02056,28.60995,0.02049,0.00271,0.00979,-34.69881,0.95991,0.00405,0
28,120,500,10,50,SMI,28.61266,0.02056,28.61729,0.02012,-0.00463,0.02681,-34.69881,0.95991,0.00405,0
28,120,500,1,100,SMI,28.61043,0.02042,28.61103,0.02042,-0.0006,0.00969,-28.67998,2.98164,0.01007,0
28,120,500,2,100,SMI,28.61043,0.02042,28.61344,0.02052,-0.00301,0.01706,-28.67998,2.98164,0.01007,0
28,120,500,10,100,SMI,28.61043,0.02042,28.58254,0.02043,0.02789,0.02771,-28.67998,2.98164,0.01007,0
28,120,500,1,200,SMI,28.60839,0.02021,28.61408,0.01998,-0.0057,0.01657,-22.66644,6.9307,0.01607,0
28,120,500,2,200,SMI,28.60839,0.02021,28.61583,0.02026,-0.00745,0.02547,-22.66644,6.9307,0.01607,0
28,120,500,10,200,SMI,28.60839,0.02021,28.64026,0.02112,-0.03187,0.02887,-22.66644,6.9307,0.01607,0
28,120,500,1,300,SMI,28.61035,0.02056,28.6165,0.02036,-0.00615,0.02275,-19.15639,9.9227,0.01844,0
28,120,500,2,300,SMI,28.61035,0.02056,28.61216,0.02107,-0.0018,0.02801,-19.15639,9.9227,0.01844,0
28,120,500,10,300,SMI,28.61035,0.02056,28.631,0.02016,-0.02065,0.02829,-19.15639,9.9227,0.01844,0
28,120,500,1,25,DL,28.88172,0.01965,28.8794,0.01958,0.00232,0.00247,-40.71896,0.27683,0.0012,0
28,120,500,2,25,DL,28.88172,0.01965,28.87708,0.01952,0.00464,0.0049,-40.71896,0.27683,0.0012,0
28,120,500,10,25,DL,28.88172,0.01965,28.87505,0.01992,0.00667,0.02002,-40.71896,0.27683,0.0012,0
28,120,500,1,50,DL,28.88226,0.01966,28.87786,0.01958,0.0044,0.00493,-34.6988,1.01433,0.00407,0
28,120,500,2,50,DL,28.88226,0.01966,28.87613,0.01968,0.00613,0.0095,-34.6988,1.01433,0.00407,0
28,120,500,10,50,DL,28.88226,0.01966,28.88114,0.01946,0.00112,0.02654,-34.6988,1.01433,0.00407,0
28,120,500,1,100,DL,28.87882,0.01938,28.87741,0.0196,0.00141,0.0094,-28.67997,3.11625,0.00986,0
28,120,500,2,100,DL,28.87882,0.01938,28.87852,0.01983,0.0003,0.01674,-28.67997,3.11625,0.00986,0
28,120,500,10,100,DL,28.87882,0.01938,28.84985,0.01962,0.02897,0.02743,-28.67997,3.11625,0.00986,0
28,120,500,1,200,DL,28.87409,0.0195,28.87627,0.01945,-0.00218,0.01626,-22.66643,7.1434,0.01569,0
28,120,500,2,200,DL,28.87409,0.0195,28.87984,0.01955,-0.00575,0.02516,-22.66643,7.1434,0.01569,0
28,120,500,10,200,DL,28.87409,0.0195,28.90199,0.02066,-0.0279,0.02858,-22.66643,7.1434,0.01569,0
28,120,500,1,300,DL,28.87619,0.01995,28.88057,0.01963,-0.00437,0.02237,-19.15638,10.16197,0.018,0
28,120,500,2,300,DL,28.87619,0.01995,28.87825,0.02029,-0.00205,0.02791,-19.15638,10.16197,0.018,0
28,120,500,10,300,DL,28.87619,0.01995,28.89618,0.01944,-0.01998,0.02814,-19.15638,10.16197,0.018,0
