# AD-MF (angle-domain matched filter) baseline versus array size Nr: SINR and EVM; genie baseline (true angles and Dopplers, MRC across the path branches; no DoA / parameter estimation; ICI and inter-path interference are not mitigated)
# schema_version 1; generated by tests/angle_domain_nr.js; seed 20160101; 200 realisations per row; N 1024, delta_f 15 kHz, 4 paths (Doppler 1080 / -1080 / 758 / 220 Hz, relative power 0 / 0 / -11 / -0.7 dB), random phases (A3)
# angle_mode fixed = F1 (0, 25, -35, 55 deg), random = U(-90, 90) deg per realisation (A4); SNR = sigma_x^2 sum|A_i|^2 / sigma_n^2 per antenna (A1)
# Optimal (CP demod) = G = R^-1 H with the CP-method epsilon (expected value); EVM = 100 / sqrt(SINR) percent (assumption A13); ipi_db = leakage of the other paths into a path branch relative to its own signal (mean over paths and realisations)
# mean and standard error (SE) of the per-realisation SINR in dB
angle_mode,snr_db,nr,curve,mean_sinr_db,se_db,evm_pct,ipi_db,n
fixed,20,2,Optimal (CP demod),20.6655,0.2389,9.2624,,200
fixed,20,2,AD-MF (genie),18.9065,0.2908,11.3417,4.52,200
fixed,20,4,Optimal (CP demod),25.7057,0.0690,5.1846,,200
fixed,20,4,AD-MF (genie),24.4770,0.1484,5.9724,-6.22,200
fixed,20,8,Optimal (CP demod),28.7724,0.0434,3.6423,,200
fixed,20,8,AD-MF (genie),27.2782,0.1405,4.3260,-8.15,200
fixed,20,16,Optimal (CP demod),31.7670,0.0174,2.5802,,200
fixed,20,16,AD-MF (genie),31.0737,0.0563,2.7946,-15.34,200
fixed,20,32,Optimal (CP demod),34.6343,0.0073,1.8547,,200
fixed,20,32,AD-MF (genie),34.6474,0.0317,1.8520,-22.44,200
fixed,30,2,Optimal (CP demod),29.2378,0.3054,3.4523,,200
fixed,30,2,AD-MF (genie),22.0390,0.3939,7.9077,4.52,200
fixed,30,4,Optimal (CP demod),35.2965,0.0658,1.7186,,200
fixed,30,4,AD-MF (genie),30.9508,0.3347,2.8344,-6.22,200
fixed,30,8,Optimal (CP demod),38.0554,0.0376,1.2509,,200
fixed,30,8,AD-MF (genie),33.0100,0.3319,2.2362,-8.15,200
fixed,30,16,Optimal (CP demod),40.5529,0.0120,0.9383,,200
fixed,30,16,AD-MF (genie),37.4533,0.2026,1.3407,-15.34,200
fixed,30,32,Optimal (CP demod),42.7701,0.0046,0.7269,,200
fixed,30,32,AD-MF (genie),42.5821,0.1539,0.7428,-22.44,200
random,20,2,Optimal (CP demod),20.7651,0.2329,9.1568,,200
random,20,2,AD-MF (genie),18.1821,0.3262,12.3280,7.66,200
random,20,4,Optimal (CP demod),24.7238,0.1746,5.8051,,200
random,20,4,AD-MF (genie),21.5437,0.3015,8.3717,5.35,200
random,20,8,Optimal (CP demod),28.3839,0.1203,3.8090,,200
random,20,8,AD-MF (genie),25.6516,0.2650,5.2170,2.96,200
random,20,16,Optimal (CP demod),31.5117,0.0836,2.6572,,200
random,20,16,AD-MF (genie),28.8084,0.2870,3.6273,0.53,200
random,20,32,Optimal (CP demod),34.4874,0.0497,1.8864,,200
random,20,32,AD-MF (genie),32.3228,0.2772,2.4202,-2.17,200
random,30,2,Optimal (CP demod),29.3521,0.2773,3.4072,,200
random,30,2,AD-MF (genie),21.3342,0.4324,8.5761,7.66,200
random,30,4,Optimal (CP demod),34.0199,0.1892,1.9907,,200
random,30,4,AD-MF (genie),24.9246,0.4373,5.6724,5.35,200
random,30,8,Optimal (CP demod),37.5982,0.1215,1.3185,,200
random,30,8,AD-MF (genie),30.0244,0.4406,3.1534,2.96,200
random,30,16,Optimal (CP demod),40.2959,0.0656,0.9665,,200
random,30,16,AD-MF (genie),33.5871,0.4811,2.0924,0.53,200
random,30,32,Optimal (CP demod),42.6087,0.0409,0.7406,,200
random,30,32,AD-MF (genie),37.8905,0.4894,1.2749,-2.17,200
