# Limited-sample receiver: SINR (dB) versus the number Ns of subcarriers used for R_yy; Nr = 4
# schema_version 1; generated by tests/limited_sample_curves.js; seed 20160101; 500 realisations per cell (the same channel and symbol for all Ns / selection / regularisation: paired)
# N 1024, delta_f 15000 Hz, Ncp 72, pilot spacing 12, QPSK, R_yy contains the signal; epsilon from the CP method (noisy samples); H_hat from the pilots (all pilots)
# speeds 300 and 450 km/h: f_m = v fc / c with fc = 5 GHz, path Dopplers = f_m x [1, -1, 0.70, 0.20] (assumption A6), relative powers [0, 0, -11, -0.7] dB, random phases, angles U(-90, 90) deg per realisation (A4); SNR 20 and 30 dB (A1)
# select: contiguous = Ns consecutive subcarriers starting at 0, uniform = Ns subcarriers spread evenly; reg: none = direct inverse (pseudo-inverse if Ns < Nr), dl(+10 dB) = diagonal loading gamma = 10 sigma_n^2
# row "reference": optimal beamformer at the same epsilon_hat (analytic). Informational only: no conclusion is drawn from these curves yet.
Nr,v_kmh,snr_db,select,reg,Ns,mean_sinr_db,se_db,n
4,300,20,reference,optimal at eps_hat,N,24.6493,0.1118,500
4,300,20,contiguous,none,4,-3.1012,0.1802,500
4,300,20,contiguous,none,8,2.7436,0.1314,500
4,300,20,contiguous,none,12,4.9996,0.1211,500
4,300,20,contiguous,none,24,8.0790,0.1190,500
4,300,20,contiguous,none,48,10.4162,0.1149,500
4,300,20,contiguous,none,96,12.2730,0.1116,500
4,300,20,contiguous,none,1024,14.8933,0.1069,500
4,300,20,contiguous,dl(+10 dB),4,15.0064,0.1700,500
4,300,20,contiguous,dl(+10 dB),8,17.1097,0.1620,500
4,300,20,contiguous,dl(+10 dB),12,18.1703,0.1549,500
4,300,20,contiguous,dl(+10 dB),24,19.7107,0.1494,500
4,300,20,contiguous,dl(+10 dB),48,20.4947,0.1391,500
4,300,20,contiguous,dl(+10 dB),96,21.2817,0.1312,500
4,300,20,contiguous,dl(+10 dB),1024,22.2279,0.1242,500
4,300,20,uniform,none,4,-2.6791,0.1702,500
4,300,20,uniform,none,8,2.8063,0.1277,500
4,300,20,uniform,none,12,5.3756,0.1240,500
4,300,20,uniform,none,24,8.4799,0.1224,500
4,300,20,uniform,none,48,10.6687,0.1082,500
4,300,20,uniform,none,96,12.5521,0.1169,500
4,300,20,uniform,none,1024,14.8933,0.1069,500
4,300,20,uniform,dl(+10 dB),4,14.7927,0.1679,500
4,300,20,uniform,dl(+10 dB),8,16.9508,0.1607,500
4,300,20,uniform,dl(+10 dB),12,18.1629,0.1541,500
4,300,20,uniform,dl(+10 dB),24,19.5994,0.1462,500
4,300,20,uniform,dl(+10 dB),48,20.7089,0.1336,500
4,300,20,uniform,dl(+10 dB),96,21.3389,0.1278,500
4,300,20,uniform,dl(+10 dB),1024,22.2279,0.1242,500
4,300,30,reference,optimal at eps_hat,N,33.4767,0.1203,500
4,300,30,contiguous,none,4,-2.7709,0.1836,500
4,300,30,contiguous,none,8,2.7644,0.1286,500
4,300,30,contiguous,none,12,5.0616,0.1244,500
4,300,30,contiguous,none,24,8.3797,0.1219,500
4,300,30,contiguous,none,48,10.7710,0.1228,500
4,300,30,contiguous,none,96,12.7561,0.1208,500
4,300,30,contiguous,none,1024,15.4877,0.1194,500
4,300,30,contiguous,dl(+10 dB),4,9.6124,0.2429,500
4,300,30,contiguous,dl(+10 dB),8,12.6257,0.2406,500
4,300,30,contiguous,dl(+10 dB),12,14.3219,0.2386,500
4,300,30,contiguous,dl(+10 dB),24,16.9097,0.2318,500
4,300,30,contiguous,dl(+10 dB),48,18.9810,0.2239,500
4,300,30,contiguous,dl(+10 dB),96,20.2543,0.2091,500
4,300,30,contiguous,dl(+10 dB),1024,22.6832,0.2010,500
4,300,30,uniform,none,4,-2.7019,0.1577,500
4,300,30,uniform,none,8,2.8786,0.1280,500
4,300,30,uniform,none,12,5.2711,0.1202,500
4,300,30,uniform,none,24,8.2213,0.1234,500
4,300,30,uniform,none,48,10.8964,0.1249,500
4,300,30,uniform,none,96,12.7512,0.1201,500
4,300,30,uniform,none,1024,15.4877,0.1194,500
4,300,30,uniform,dl(+10 dB),4,9.9310,0.2410,500
4,300,30,uniform,dl(+10 dB),8,12.8631,0.2301,500
4,300,30,uniform,dl(+10 dB),12,14.0983,0.2213,500
4,300,30,uniform,dl(+10 dB),24,16.7270,0.2222,500
4,300,30,uniform,dl(+10 dB),48,18.6970,0.2086,500
4,300,30,uniform,dl(+10 dB),96,20.4674,0.2089,500
4,300,30,uniform,dl(+10 dB),1024,22.6832,0.2010,500
4,450,20,reference,optimal at eps_hat,N,24.0102,0.1145,500
4,450,20,contiguous,none,4,-3.1663,0.1844,500
4,450,20,contiguous,none,8,2.6823,0.1292,500
4,450,20,contiguous,none,12,4.9344,0.1269,500
4,450,20,contiguous,none,24,8.1073,0.1149,500
4,450,20,contiguous,none,48,10.6387,0.1116,500
4,450,20,contiguous,none,96,12.2529,0.1104,500
4,450,20,contiguous,none,1024,14.7185,0.1004,500
4,450,20,contiguous,dl(+10 dB),4,12.4700,0.1962,500
4,450,20,contiguous,dl(+10 dB),8,14.8939,0.1875,500
4,450,20,contiguous,dl(+10 dB),12,16.1103,0.1710,500
4,450,20,contiguous,dl(+10 dB),24,18.0423,0.1596,500
4,450,20,contiguous,dl(+10 dB),48,19.2617,0.1451,500
4,450,20,contiguous,dl(+10 dB),96,19.9310,0.1404,500
4,450,20,contiguous,dl(+10 dB),1024,20.8339,0.1331,500
4,450,20,uniform,none,4,-3.0617,0.1783,500
4,450,20,uniform,none,8,2.7765,0.1230,500
4,450,20,uniform,none,12,5.0699,0.1240,500
4,450,20,uniform,none,24,8.1105,0.1142,500
4,450,20,uniform,none,48,10.5054,0.1134,500
4,450,20,uniform,none,96,12.3118,0.1166,500
4,450,20,uniform,none,1024,14.7185,0.1004,500
4,450,20,uniform,dl(+10 dB),4,12.4061,0.1898,500
4,450,20,uniform,dl(+10 dB),8,14.8777,0.1841,500
4,450,20,uniform,dl(+10 dB),12,15.8165,0.1733,500
4,450,20,uniform,dl(+10 dB),24,17.6115,0.1562,500
4,450,20,uniform,dl(+10 dB),48,18.8380,0.1505,500
4,450,20,uniform,dl(+10 dB),96,19.7857,0.1407,500
4,450,20,uniform,dl(+10 dB),1024,20.8339,0.1331,500
4,450,30,reference,optimal at eps_hat,N,31.4553,0.1172,500
4,450,30,contiguous,none,4,-2.8599,0.1815,500
4,450,30,contiguous,none,8,2.7892,0.1271,500
4,450,30,contiguous,none,12,5.1332,0.1285,500
4,450,30,contiguous,none,24,8.3435,0.1239,500
4,450,30,contiguous,none,48,10.7104,0.1152,500
4,450,30,contiguous,none,96,12.5976,0.1136,500
4,450,30,contiguous,none,1024,15.6342,0.1165,500
4,450,30,contiguous,dl(+10 dB),4,9.1977,0.2400,500
4,450,30,contiguous,dl(+10 dB),8,12.0744,0.2284,500
4,450,30,contiguous,dl(+10 dB),12,13.6654,0.2321,500
4,450,30,contiguous,dl(+10 dB),24,16.1036,0.2207,500
4,450,30,contiguous,dl(+10 dB),48,18.2629,0.2115,500
4,450,30,contiguous,dl(+10 dB),96,19.7870,0.1973,500
4,450,30,contiguous,dl(+10 dB),1024,22.0036,0.1813,500
4,450,30,uniform,none,4,-2.5416,0.1768,500
4,450,30,uniform,none,8,3.1513,0.1277,500
4,450,30,uniform,none,12,5.4283,0.1159,500
4,450,30,uniform,none,24,8.4817,0.1209,500
4,450,30,uniform,none,48,11.2430,0.1257,500
4,450,30,uniform,none,96,13.2188,0.1271,500
4,450,30,uniform,none,1024,15.6342,0.1165,500
4,450,30,uniform,dl(+10 dB),4,8.7804,0.2353,500
4,450,30,uniform,dl(+10 dB),8,11.3056,0.2127,500
4,450,30,uniform,dl(+10 dB),12,13.3666,0.2124,500
4,450,30,uniform,dl(+10 dB),24,15.9399,0.2141,500
4,450,30,uniform,dl(+10 dB),48,18.1723,0.1993,500
4,450,30,uniform,dl(+10 dB),96,19.8551,0.1913,500
4,450,30,uniform,dl(+10 dB),1024,22.0036,0.1813,500
