# Third version of the clean-estimator slice: Ledoit-Wolf shrinkage of the pilot-subcarrier covariance, SNR 20 dB, same cells, seed and 200 realisations as data/map_v2.csv; generated by tests/map_clean_lw.js
v_kmh,fc_GHz,df_kHz,Nr,L_est_lw_db,L_est_lw_se,n
0,3.5,15,2,0.004,0.001,200
50,3.5,15,2,0.005,0.001,200
100,3.5,15,2,0.018,0.002,200
150,3.5,15,2,0.035,0.003,200
200,3.5,15,2,0.043,0.003,200
250,3.5,15,2,0.048,0.004,200
300,3.5,15,2,0.051,0.004,200
350,3.5,15,2,0.052,0.004,200
400,3.5,15,2,0.052,0.004,200
450,3.5,15,2,0.052,0.004,200
500,3.5,15,2,0.052,0.004,200
0,3.5,30,2,0.004,0.001,200
50,3.5,30,2,0.004,0.001,200
100,3.5,30,2,0.005,0.001,200
150,3.5,30,2,0.010,0.001,200
200,3.5,30,2,0.018,0.002,200
250,3.5,30,2,0.028,0.002,200
300,3.5,30,2,0.035,0.003,200
350,3.5,30,2,0.040,0.003,200
400,3.5,30,2,0.043,0.003,200
450,3.5,30,2,0.045,0.003,200
500,3.5,30,2,0.048,0.004,200
0,3.5,60,2,0.004,0.001,200
50,3.5,60,2,0.004,0.001,200
100,3.5,60,2,0.004,0.001,200
150,3.5,60,2,0.005,0.001,200
200,3.5,60,2,0.005,0.001,200
250,3.5,60,2,0.007,0.001,200
300,3.5,60,2,0.010,0.001,200
350,3.5,60,2,0.014,0.001,200
400,3.5,60,2,0.018,0.002,200
450,3.5,60,2,0.023,0.002,200
500,3.5,60,2,0.028,0.002,200
0,3.5,120,2,0.004,0.001,200
50,3.5,120,2,0.004,0.001,200
100,3.5,120,2,0.004,0.001,200
150,3.5,120,2,0.004,0.001,200
200,3.5,120,2,0.004,0.001,200
250,3.5,120,2,0.004,0.001,200
300,3.5,120,2,0.005,0.001,200
350,3.5,120,2,0.005,0.001,200
400,3.5,120,2,0.005,0.001,200
450,3.5,120,2,0.006,0.001,200
500,3.5,120,2,0.007,0.001,200
0,7,15,2,0.004,0.001,200
50,7,15,2,0.018,0.002,200
100,7,15,2,0.043,0.003,200
150,7,15,2,0.051,0.004,200
200,7,15,2,0.052,0.004,200
250,7,15,2,0.052,0.004,200
300,7,15,2,0.052,0.004,200
350,7,15,2,0.055,0.004,200
400,7,15,2,0.057,0.004,200
450,7,15,2,0.057,0.004,200
500,7,15,2,0.058,0.004,200
0,7,30,2,0.004,0.001,200
50,7,30,2,0.005,0.001,200
100,7,30,2,0.018,0.002,200
150,7,30,2,0.035,0.003,200
200,7,30,2,0.043,0.003,200
250,7,30,2,0.048,0.004,200
300,7,30,2,0.051,0.004,200
350,7,30,2,0.052,0.004,200
400,7,30,2,0.052,0.004,200
450,7,30,2,0.052,0.004,200
500,7,30,2,0.052,0.004,200
0,7,60,2,0.004,0.001,200
50,7,60,2,0.004,0.001,200
100,7,60,2,0.005,0.001,200
150,7,60,2,0.010,0.001,200
200,7,60,2,0.018,0.002,200
250,7,60,2,0.028,0.002,200
300,7,60,2,0.035,0.003,200
350,7,60,2,0.040,0.003,200
400,7,60,2,0.043,0.003,200
450,7,60,2,0.045,0.003,200
500,7,60,2,0.048,0.004,200
0,7,120,2,0.004,0.001,200
50,7,120,2,0.004,0.001,200
100,7,120,2,0.004,0.001,200
150,7,120,2,0.005,0.001,200
200,7,120,2,0.005,0.001,200
250,7,120,2,0.007,0.001,200
300,7,120,2,0.010,0.001,200
350,7,120,2,0.014,0.001,200
400,7,120,2,0.018,0.002,200
450,7,120,2,0.023,0.002,200
500,7,120,2,0.028,0.002,200
0,15,15,2,0.004,0.001,200
50,15,15,2,0.044,0.003,200
100,15,15,2,0.052,0.004,200
150,15,15,2,0.054,0.004,200
200,15,15,2,0.057,0.004,200
250,15,15,2,0.058,0.004,200
300,15,15,2,0.056,0.004,200
350,15,15,2,0.052,0.004,200
400,15,15,2,0.048,0.004,200
450,15,15,2,0.049,0.004,200
500,15,15,2,0.051,0.004,200
0,15,30,2,0.004,0.001,200
50,15,30,2,0.021,0.002,200
100,15,30,2,0.044,0.003,200
150,15,30,2,0.051,0.004,200
200,15,30,2,0.052,0.004,200
250,15,30,2,0.052,0.004,200
300,15,30,2,0.054,0.004,200
350,15,30,2,0.056,0.004,200
400,15,30,2,0.057,0.004,200
450,15,30,2,0.057,0.004,200
500,15,30,2,0.058,0.004,200
0,15,60,2,0.004,0.001,200
50,15,60,2,0.006,0.001,200
100,15,60,2,0.021,0.002,200
150,15,60,2,0.037,0.003,200
200,15,60,2,0.044,0.003,200
250,15,60,2,0.050,0.004,200
300,15,60,2,0.051,0.004,200
350,15,60,2,0.052,0.004,200
400,15,60,2,0.052,0.004,200
450,15,60,2,0.052,0.004,200
500,15,60,2,0.052,0.004,200
0,15,120,2,0.004,0.001,200
50,15,120,2,0.004,0.001,200
100,15,120,2,0.006,0.001,200
150,15,120,2,0.011,0.001,200
200,15,120,2,0.021,0.002,200
250,15,120,2,0.030,0.002,200
300,15,120,2,0.037,0.003,200
350,15,120,2,0.042,0.003,200
400,15,120,2,0.044,0.003,200
450,15,120,2,0.047,0.004,200
500,15,120,2,0.050,0.004,200
0,28,15,2,0.004,0.001,200
50,28,15,2,0.052,0.004,200
100,28,15,2,0.057,0.004,200
150,28,15,2,0.057,0.004,200
200,28,15,2,0.051,0.004,200
250,28,15,2,0.050,0.003,200
300,28,15,2,0.055,0.004,200
350,28,15,2,0.061,0.005,200
400,28,15,2,0.062,0.006,200
450,28,15,2,0.065,0.005,200
500,28,15,2,0.072,0.006,200
0,28,30,2,0.004,0.001,200
50,28,30,2,0.043,0.003,200
100,28,30,2,0.052,0.004,200
150,28,30,2,0.052,0.004,200
200,28,30,2,0.057,0.004,200
250,28,30,2,0.058,0.004,200
300,28,30,2,0.057,0.004,200
350,28,30,2,0.054,0.004,200
400,28,30,2,0.051,0.004,200
450,28,30,2,0.048,0.004,200
500,28,30,2,0.050,0.003,200
0,28,60,2,0.004,0.001,200
50,28,60,2,0.018,0.002,200
100,28,60,2,0.043,0.003,200
150,28,60,2,0.051,0.004,200
200,28,60,2,0.052,0.004,200
250,28,60,2,0.052,0.004,200
300,28,60,2,0.052,0.004,200
350,28,60,2,0.055,0.004,200
400,28,60,2,0.057,0.004,200
450,28,60,2,0.057,0.004,200
500,28,60,2,0.058,0.004,200
0,28,120,2,0.004,0.001,200
50,28,120,2,0.005,0.001,200
100,28,120,2,0.018,0.002,200
150,28,120,2,0.035,0.003,200
200,28,120,2,0.043,0.003,200
250,28,120,2,0.048,0.004,200
300,28,120,2,0.051,0.004,200
350,28,120,2,0.052,0.004,200
400,28,120,2,0.052,0.004,200
450,28,120,2,0.052,0.004,200
500,28,120,2,0.052,0.004,200
0,3.5,15,4,0.005,0.001,200
50,3.5,15,4,0.010,0.001,200
100,3.5,15,4,0.043,0.003,200
150,3.5,15,4,0.081,0.004,200
200,3.5,15,4,0.106,0.005,200
250,3.5,15,4,0.119,0.006,200
300,3.5,15,4,0.126,0.006,200
350,3.5,15,4,0.130,0.006,200
400,3.5,15,4,0.131,0.006,200
450,3.5,15,4,0.132,0.006,200
500,3.5,15,4,0.132,0.006,200
0,3.5,30,4,0.005,0.001,200
50,3.5,30,4,0.006,0.001,200
100,3.5,30,4,0.010,0.001,200
150,3.5,30,4,0.023,0.002,200
200,3.5,30,4,0.043,0.003,200
250,3.5,30,4,0.064,0.003,200
300,3.5,30,4,0.081,0.004,200
350,3.5,30,4,0.095,0.004,200
400,3.5,30,4,0.106,0.005,200
450,3.5,30,4,0.114,0.005,200
500,3.5,30,4,0.119,0.006,200
0,3.5,60,4,0.005,0.001,200
50,3.5,60,4,0.006,0.001,200
100,3.5,60,4,0.006,0.001,200
150,3.5,60,4,0.007,0.001,200
200,3.5,60,4,0.010,0.001,200
250,3.5,60,4,0.016,0.001,200
300,3.5,60,4,0.023,0.002,200
350,3.5,60,4,0.032,0.002,200
400,3.5,60,4,0.043,0.003,200
450,3.5,60,4,0.054,0.003,200
500,3.5,60,4,0.064,0.003,200
0,3.5,120,4,0.005,0.001,200
50,3.5,120,4,0.006,0.001,200
100,3.5,120,4,0.006,0.001,200
150,3.5,120,4,0.006,0.001,200
200,3.5,120,4,0.006,0.001,200
250,3.5,120,4,0.006,0.001,200
300,3.5,120,4,0.007,0.001,200
350,3.5,120,4,0.009,0.001,200
400,3.5,120,4,0.010,0.001,200
450,3.5,120,4,0.013,0.001,200
500,3.5,120,4,0.016,0.001,200
0,7,15,4,0.005,0.001,200
50,7,15,4,0.043,0.003,200
100,7,15,4,0.106,0.005,200
150,7,15,4,0.126,0.006,200
200,7,15,4,0.131,0.006,200
250,7,15,4,0.132,0.006,200
300,7,15,4,0.132,0.006,200
350,7,15,4,0.131,0.006,200
400,7,15,4,0.131,0.006,200
450,7,15,4,0.131,0.005,200
500,7,15,4,0.130,0.005,200
0,7,30,4,0.005,0.001,200
50,7,30,4,0.010,0.001,200
100,7,30,4,0.043,0.003,200
150,7,30,4,0.081,0.004,200
200,7,30,4,0.106,0.005,200
250,7,30,4,0.119,0.006,200
300,7,30,4,0.126,0.006,200
350,7,30,4,0.130,0.006,200
400,7,30,4,0.131,0.006,200
450,7,30,4,0.132,0.006,200
500,7,30,4,0.132,0.006,200
0,7,60,4,0.005,0.001,200
50,7,60,4,0.006,0.001,200
100,7,60,4,0.010,0.001,200
150,7,60,4,0.023,0.002,200
200,7,60,4,0.043,0.003,200
250,7,60,4,0.064,0.003,200
300,7,60,4,0.081,0.004,200
350,7,60,4,0.095,0.004,200
400,7,60,4,0.106,0.005,200
450,7,60,4,0.114,0.005,200
500,7,60,4,0.119,0.006,200
0,7,120,4,0.005,0.001,200
50,7,120,4,0.006,0.001,200
100,7,120,4,0.006,0.001,200
150,7,120,4,0.007,0.001,200
200,7,120,4,0.010,0.001,200
250,7,120,4,0.016,0.001,200
300,7,120,4,0.023,0.002,200
350,7,120,4,0.032,0.002,200
400,7,120,4,0.043,0.003,200
450,7,120,4,0.054,0.003,200
500,7,120,4,0.064,0.003,200
0,15,15,4,0.005,0.001,200
50,15,15,4,0.110,0.005,200
100,15,15,4,0.132,0.006,200
150,15,15,4,0.131,0.006,200
200,15,15,4,0.131,0.005,200
250,15,15,4,0.130,0.005,200
300,15,15,4,0.136,0.005,200
350,15,15,4,0.146,0.005,200
400,15,15,4,0.149,0.005,200
450,15,15,4,0.149,0.006,200
500,15,15,4,0.147,0.006,200
0,15,30,4,0.005,0.001,200
50,15,30,4,0.049,0.003,200
100,15,30,4,0.110,0.005,200
150,15,30,4,0.128,0.006,200
200,15,30,4,0.132,0.006,200
250,15,30,4,0.132,0.006,200
300,15,30,4,0.131,0.006,200
350,15,30,4,0.131,0.006,200
400,15,30,4,0.131,0.005,200
450,15,30,4,0.130,0.005,200
500,15,30,4,0.130,0.005,200
0,15,60,4,0.005,0.001,200
50,15,60,4,0.011,0.001,200
100,15,60,4,0.049,0.003,200
150,15,60,4,0.087,0.004,200
200,15,60,4,0.110,0.005,200
250,15,60,4,0.122,0.006,200
300,15,60,4,0.128,0.006,200
350,15,60,4,0.131,0.006,200
400,15,60,4,0.132,0.006,200
450,15,60,4,0.132,0.006,200
500,15,60,4,0.132,0.006,200
0,15,120,4,0.005,0.001,200
50,15,120,4,0.006,0.001,200
100,15,120,4,0.011,0.001,200
150,15,120,4,0.027,0.002,200
200,15,120,4,0.049,0.003,200
250,15,120,4,0.070,0.004,200
300,15,120,4,0.087,0.004,200
350,15,120,4,0.101,0.005,200
400,15,120,4,0.110,0.005,200
450,15,120,4,0.117,0.006,200
500,15,120,4,0.122,0.006,200
0,28,15,4,0.005,0.001,200
50,28,15,4,0.131,0.006,200
100,28,15,4,0.131,0.006,200
150,28,15,4,0.131,0.005,200
200,28,15,4,0.148,0.005,200
250,28,15,4,0.148,0.006,200
300,28,15,4,0.144,0.006,200
350,28,15,4,0.140,0.006,200
400,28,15,4,0.168,0.009,200
450,28,15,4,0.227,0.014,200
500,28,15,4,0.285,0.019,200
0,28,30,4,0.005,0.001,200
50,28,30,4,0.106,0.005,200
100,28,30,4,0.131,0.006,200
150,28,30,4,0.132,0.006,200
200,28,30,4,0.131,0.006,200
250,28,30,4,0.130,0.005,200
300,28,30,4,0.131,0.005,200
350,28,30,4,0.142,0.005,200
400,28,30,4,0.148,0.005,200
450,28,30,4,0.150,0.006,200
500,28,30,4,0.148,0.006,200
0,28,60,4,0.005,0.001,200
50,28,60,4,0.043,0.003,200
100,28,60,4,0.106,0.005,200
150,28,60,4,0.126,0.006,200
200,28,60,4,0.131,0.006,200
250,28,60,4,0.132,0.006,200
300,28,60,4,0.132,0.006,200
350,28,60,4,0.131,0.006,200
400,28,60,4,0.131,0.006,200
450,28,60,4,0.131,0.005,200
500,28,60,4,0.130,0.005,200
0,28,120,4,0.005,0.001,200
50,28,120,4,0.010,0.001,200
100,28,120,4,0.043,0.003,200
150,28,120,4,0.081,0.004,200
200,28,120,4,0.106,0.005,200
250,28,120,4,0.119,0.006,200
300,28,120,4,0.126,0.006,200
350,28,120,4,0.130,0.006,200
400,28,120,4,0.131,0.006,200
450,28,120,4,0.132,0.006,200
500,28,120,4,0.132,0.006,200
0,3.5,15,8,0.005,0.001,200
50,3.5,15,8,0.015,0.001,200
100,3.5,15,8,0.080,0.004,200
150,3.5,15,8,0.179,0.006,200
200,3.5,15,8,0.242,0.007,200
250,3.5,15,8,0.275,0.008,200
300,3.5,15,8,0.292,0.009,200
350,3.5,15,8,0.300,0.009,200
400,3.5,15,8,0.303,0.009,200
450,3.5,15,8,0.305,0.009,200
500,3.5,15,8,0.305,0.009,200
0,3.5,30,8,0.005,0.001,200
50,3.5,30,8,0.006,0.001,200
100,3.5,30,8,0.015,0.001,200
150,3.5,30,8,0.039,0.003,200
200,3.5,30,8,0.080,0.004,200
250,3.5,30,8,0.132,0.006,200
300,3.5,30,8,0.179,0.006,200
350,3.5,30,8,0.216,0.007,200
400,3.5,30,8,0.242,0.007,200
450,3.5,30,8,0.262,0.008,200
500,3.5,30,8,0.275,0.008,200
0,3.5,60,8,0.005,0.001,200
50,3.5,60,8,0.005,0.001,200
100,3.5,60,8,0.006,0.001,200
150,3.5,60,8,0.009,0.001,200
200,3.5,60,8,0.015,0.001,200
250,3.5,60,8,0.025,0.002,200
300,3.5,60,8,0.039,0.003,200
350,3.5,60,8,0.057,0.004,200
400,3.5,60,8,0.080,0.004,200
450,3.5,60,8,0.106,0.005,200
500,3.5,60,8,0.132,0.006,200
0,3.5,120,8,0.005,0.001,200
50,3.5,120,8,0.005,0.001,200
100,3.5,120,8,0.005,0.001,200
150,3.5,120,8,0.005,0.001,200
200,3.5,120,8,0.006,0.001,200
250,3.5,120,8,0.007,0.001,200
300,3.5,120,8,0.009,0.001,200
350,3.5,120,8,0.011,0.001,200
400,3.5,120,8,0.015,0.001,200
450,3.5,120,8,0.019,0.002,200
500,3.5,120,8,0.025,0.002,200
0,7,15,8,0.005,0.001,200
50,7,15,8,0.080,0.004,200
100,7,15,8,0.242,0.007,200
150,7,15,8,0.292,0.009,200
200,7,15,8,0.303,0.009,200
250,7,15,8,0.305,0.009,200
300,7,15,8,0.304,0.008,200
350,7,15,8,0.299,0.008,200
400,7,15,8,0.294,0.008,200
450,7,15,8,0.289,0.008,200
500,7,15,8,0.285,0.008,200
0,7,30,8,0.005,0.001,200
50,7,30,8,0.015,0.001,200
100,7,30,8,0.080,0.004,200
150,7,30,8,0.179,0.006,200
200,7,30,8,0.242,0.007,200
250,7,30,8,0.275,0.008,200
300,7,30,8,0.292,0.009,200
350,7,30,8,0.300,0.009,200
400,7,30,8,0.303,0.009,200
450,7,30,8,0.305,0.009,200
500,7,30,8,0.305,0.009,200
0,7,60,8,0.005,0.001,200
50,7,60,8,0.006,0.001,200
100,7,60,8,0.015,0.001,200
150,7,60,8,0.039,0.003,200
200,7,60,8,0.080,0.004,200
250,7,60,8,0.132,0.006,200
300,7,60,8,0.179,0.006,200
350,7,60,8,0.216,0.007,200
400,7,60,8,0.242,0.007,200
450,7,60,8,0.262,0.008,200
500,7,60,8,0.275,0.008,200
0,7,120,8,0.005,0.001,200
50,7,120,8,0.005,0.001,200
100,7,120,8,0.006,0.001,200
150,7,120,8,0.009,0.001,200
200,7,120,8,0.015,0.001,200
250,7,120,8,0.025,0.002,200
300,7,120,8,0.039,0.003,200
350,7,120,8,0.057,0.004,200
400,7,120,8,0.080,0.004,200
450,7,120,8,0.106,0.005,200
500,7,120,8,0.132,0.006,200
0,15,15,8,0.005,0.001,200
50,15,15,8,0.254,0.008,200
100,15,15,8,0.304,0.009,200
150,15,15,8,0.302,0.008,200
200,15,15,8,0.291,0.008,200
250,15,15,8,0.282,0.008,200
300,15,15,8,0.278,0.007,200
350,15,15,8,0.275,0.008,200
400,15,15,8,0.278,0.009,200
450,15,15,8,0.285,0.009,200
500,15,15,8,0.288,0.009,200
0,15,30,8,0.005,0.001,200
50,15,30,8,0.095,0.005,200
100,15,30,8,0.254,0.008,200
150,15,30,8,0.296,0.009,200
200,15,30,8,0.304,0.009,200
250,15,30,8,0.305,0.008,200
300,15,30,8,0.302,0.008,200
350,15,30,8,0.296,0.008,200
400,15,30,8,0.291,0.008,200
450,15,30,8,0.286,0.008,200
500,15,30,8,0.282,0.008,200
0,15,60,8,0.005,0.001,200
50,15,60,8,0.017,0.001,200
100,15,60,8,0.095,0.005,200
150,15,60,8,0.196,0.007,200
200,15,60,8,0.254,0.008,200
250,15,60,8,0.282,0.008,200
300,15,60,8,0.296,0.009,200
350,15,60,8,0.302,0.009,200
400,15,60,8,0.304,0.009,200
450,15,60,8,0.305,0.009,200
500,15,60,8,0.305,0.008,200
0,15,120,8,0.005,0.001,200
50,15,120,8,0.006,0.001,200
100,15,120,8,0.017,0.001,200
150,15,120,8,0.047,0.003,200
200,15,120,8,0.095,0.005,200
250,15,120,8,0.150,0.006,200
300,15,120,8,0.196,0.007,200
350,15,120,8,0.230,0.007,200
400,15,120,8,0.254,0.008,200
450,15,120,8,0.271,0.008,200
500,15,120,8,0.282,0.008,200
0,28,15,8,0.005,0.001,200
50,28,15,8,0.303,0.009,200
100,28,15,8,0.294,0.008,200
150,28,15,8,0.281,0.008,200
200,28,15,8,0.273,0.008,200
250,28,15,8,0.286,0.009,200
300,28,15,8,0.290,0.008,200
350,28,15,8,0.268,0.007,200
400,28,15,8,0.239,0.009,200
450,28,15,8,0.228,0.010,200
500,28,15,8,0.290,0.010,200
0,28,30,8,0.005,0.001,200
50,28,30,8,0.242,0.007,200
100,28,30,8,0.303,0.009,200
150,28,30,8,0.304,0.008,200
200,28,30,8,0.294,0.008,200
250,28,30,8,0.285,0.008,200
300,28,30,8,0.281,0.008,200
350,28,30,8,0.277,0.008,200
400,28,30,8,0.273,0.008,200
450,28,30,8,0.281,0.008,200
500,28,30,8,0.286,0.009,200
0,28,60,8,0.005,0.001,200
50,28,60,8,0.080,0.004,200
100,28,60,8,0.242,0.007,200
150,28,60,8,0.292,0.009,200
200,28,60,8,0.303,0.009,200
250,28,60,8,0.305,0.009,200
300,28,60,8,0.304,0.008,200
350,28,60,8,0.299,0.008,200
400,28,60,8,0.294,0.008,200
450,28,60,8,0.289,0.008,200
500,28,60,8,0.285,0.008,200
0,28,120,8,0.005,0.001,200
50,28,120,8,0.015,0.001,200
100,28,120,8,0.080,0.004,200
150,28,120,8,0.179,0.006,200
200,28,120,8,0.242,0.007,200
250,28,120,8,0.275,0.008,200
300,28,120,8,0.292,0.009,200
350,28,120,8,0.300,0.009,200
400,28,120,8,0.303,0.009,200
450,28,120,8,0.305,0.009,200
500,28,120,8,0.305,0.009,200
0,3.5,15,16,0.004,0.001,200
50,3.5,15,16,0.023,0.002,200
100,3.5,15,16,0.157,0.007,200
150,3.5,15,16,0.392,0.010,200
200,3.5,15,16,0.548,0.012,200
250,3.5,15,16,0.629,0.013,200
300,3.5,15,16,0.671,0.014,200
350,3.5,15,16,0.693,0.014,200
400,3.5,15,16,0.705,0.014,200
450,3.5,15,16,0.712,0.014,200
500,3.5,15,16,0.714,0.014,200
0,3.5,30,16,0.004,0.001,200
50,3.5,30,16,0.006,0.001,200
100,3.5,30,16,0.023,0.002,200
150,3.5,30,16,0.069,0.005,200
200,3.5,30,16,0.157,0.007,200
250,3.5,30,16,0.277,0.009,200
300,3.5,30,16,0.392,0.010,200
350,3.5,30,16,0.482,0.012,200
400,3.5,30,16,0.548,0.012,200
450,3.5,30,16,0.595,0.013,200
500,3.5,30,16,0.629,0.013,200
0,3.5,60,16,0.004,0.001,200
50,3.5,60,16,0.005,0.001,200
100,3.5,60,16,0.006,0.001,200
150,3.5,60,16,0.012,0.001,200
200,3.5,60,16,0.023,0.002,200
250,3.5,60,16,0.042,0.004,200
300,3.5,60,16,0.069,0.005,200
350,3.5,60,16,0.107,0.006,200
400,3.5,60,16,0.157,0.007,200
450,3.5,60,16,0.216,0.008,200
500,3.5,60,16,0.277,0.009,200
0,3.5,120,16,0.004,0.001,200
50,3.5,120,16,0.004,0.001,200
100,3.5,120,16,0.005,0.001,200
150,3.5,120,16,0.005,0.001,200
200,3.5,120,16,0.006,0.001,200
250,3.5,120,16,0.009,0.001,200
300,3.5,120,16,0.012,0.001,200
350,3.5,120,16,0.017,0.002,200
400,3.5,120,16,0.023,0.002,200
450,3.5,120,16,0.032,0.003,200
500,3.5,120,16,0.042,0.004,200
0,7,15,16,0.004,0.001,200
50,7,15,16,0.157,0.007,200
100,7,15,16,0.548,0.012,200
150,7,15,16,0.671,0.014,200
200,7,15,16,0.705,0.014,200
250,7,15,16,0.714,0.014,200
300,7,15,16,0.713,0.014,200
350,7,15,16,0.706,0.014,200
400,7,15,16,0.694,0.013,200
450,7,15,16,0.684,0.013,200
500,7,15,16,0.668,0.013,200
0,7,30,16,0.004,0.001,200
50,7,30,16,0.023,0.002,200
100,7,30,16,0.157,0.007,200
150,7,30,16,0.392,0.010,200
200,7,30,16,0.548,0.012,200
250,7,30,16,0.629,0.013,200
300,7,30,16,0.671,0.014,200
350,7,30,16,0.693,0.014,200
400,7,30,16,0.705,0.014,200
450,7,30,16,0.712,0.014,200
500,7,30,16,0.714,0.014,200
0,7,60,16,0.004,0.001,200
50,7,60,16,0.006,0.001,200
100,7,60,16,0.023,0.002,200
150,7,60,16,0.069,0.005,200
200,7,60,16,0.157,0.007,200
250,7,60,16,0.277,0.009,200
300,7,60,16,0.392,0.010,200
350,7,60,16,0.482,0.012,200
400,7,60,16,0.548,0.012,200
450,7,60,16,0.595,0.013,200
500,7,60,16,0.629,0.013,200
0,7,120,16,0.004,0.001,200
50,7,120,16,0.005,0.001,200
100,7,120,16,0.006,0.001,200
150,7,120,16,0.012,0.001,200
200,7,120,16,0.023,0.002,200
250,7,120,16,0.042,0.004,200
300,7,120,16,0.069,0.005,200
350,7,120,16,0.107,0.006,200
400,7,120,16,0.157,0.007,200
450,7,120,16,0.216,0.008,200
500,7,120,16,0.277,0.009,200
0,15,15,16,0.004,0.001,200
50,15,15,16,0.577,0.013,200
100,15,15,16,0.709,0.014,200
150,15,15,16,0.710,0.014,200
200,15,15,16,0.688,0.013,200
250,15,15,16,0.656,0.013,200
300,15,15,16,0.615,0.012,200
350,15,15,16,0.571,0.010,200
400,15,15,16,0.574,0.009,200
450,15,15,16,0.589,0.010,200
500,15,15,16,0.607,0.010,200
0,15,30,16,0.004,0.001,200
50,15,30,16,0.190,0.007,200
100,15,30,16,0.577,0.013,200
150,15,30,16,0.682,0.014,200
200,15,30,16,0.709,0.014,200
250,15,30,16,0.715,0.014,200
300,15,30,16,0.710,0.014,200
350,15,30,16,0.700,0.014,200
400,15,30,16,0.688,0.013,200
450,15,30,16,0.674,0.013,200
500,15,30,16,0.656,0.013,200
0,15,60,16,0.004,0.001,200
50,15,60,16,0.028,0.003,200
100,15,60,16,0.190,0.007,200
150,15,60,16,0.434,0.011,200
200,15,60,16,0.577,0.013,200
250,15,60,16,0.647,0.014,200
300,15,60,16,0.682,0.014,200
350,15,60,16,0.700,0.014,200
400,15,60,16,0.709,0.014,200
450,15,60,16,0.714,0.014,200
500,15,60,16,0.715,0.014,200
0,15,120,16,0.004,0.001,200
50,15,120,16,0.007,0.001,200
100,15,120,16,0.028,0.003,200
150,15,120,16,0.084,0.005,200
200,15,120,16,0.190,0.007,200
250,15,120,16,0.320,0.009,200
300,15,120,16,0.434,0.011,200
350,15,120,16,0.518,0.012,200
400,15,120,16,0.577,0.013,200
450,15,120,16,0.618,0.013,200
500,15,120,16,0.647,0.014,200
0,28,15,16,0.004,0.001,200
50,28,15,16,0.705,0.014,200
100,28,15,16,0.694,0.013,200
150,28,15,16,0.631,0.012,200
200,28,15,16,0.569,0.010,200
250,28,15,16,0.594,0.010,200
300,28,15,16,0.605,0.011,200
350,28,15,16,0.538,0.011,200
400,28,15,16,0.444,0.010,200
450,28,15,16,0.368,0.009,200
500,28,15,16,0.507,0.012,200
0,28,30,16,0.004,0.001,200
50,28,30,16,0.548,0.012,200
100,28,30,16,0.705,0.014,200
150,28,30,16,0.713,0.014,200
200,28,30,16,0.694,0.013,200
250,28,30,16,0.668,0.013,200
300,28,30,16,0.631,0.012,200
350,28,30,16,0.593,0.011,200
400,28,30,16,0.569,0.010,200
450,28,30,16,0.580,0.009,200
500,28,30,16,0.594,0.010,200
0,28,60,16,0.004,0.001,200
50,28,60,16,0.157,0.007,200
100,28,60,16,0.548,0.012,200
150,28,60,16,0.671,0.014,200
200,28,60,16,0.705,0.014,200
250,28,60,16,0.714,0.014,200
300,28,60,16,0.713,0.014,200
350,28,60,16,0.706,0.014,200
400,28,60,16,0.694,0.013,200
450,28,60,16,0.684,0.013,200
500,28,60,16,0.668,0.013,200
0,28,120,16,0.004,0.001,200
50,28,120,16,0.023,0.002,200
100,28,120,16,0.157,0.007,200
150,28,120,16,0.392,0.010,200
200,28,120,16,0.548,0.012,200
250,28,120,16,0.629,0.013,200
300,28,120,16,0.671,0.014,200
350,28,120,16,0.693,0.014,200
400,28,120,16,0.705,0.014,200
450,28,120,16,0.712,0.014,200
500,28,120,16,0.714,0.014,200
