# Mini limiting-factor map (prototype data, no UI): which loss dominates for the best (optimal) combining and for the practical receivers; SNR = 20 dB
# schema_version 1; generated by tests/map_prototype.js; seed 20160101; 200 realisations per cell; 704 cells (v x fc x delta_f x Nr)
# N 1024, Ncp 72, pilot spacing 12, 4 paths (Doppler = f_m x [1, -1, 0.70, 0.20], f_m = v fc / c; relative power 0 / 0 / -11 / -0.7 dB), random phases and random angles U(-90, 90) deg; epsilon from the CP method (noisy samples)
# L_ICI = 10 log10(Nr SNR / SINR_opt); L_est = SINR_opt - SINR_pilot_residual (m = 1, gamma_rel +10 dB); L_est_naive = SINR_opt - SINR_estimated (signal in R_yy); dominant = I (L_ICI >= L_est) or E; L_aging empty: to be imported from the narrow-band simulator
v_kmh,fc_GHz,df_kHz,Nr,eps_max,L_ICI_db,L_ICI_se,L_est_db,L_est_se,L_est_naive_db,L_est_naive_se,ADMF_better_than_PR,dominant,L_aging_db,n
0,3.5,15,2,0.0000,1.009,0.221,0.001,0.000,3.856,0.202,false,I,0.000,-,,200
50,3.5,15,2,0.0108,1.073,0.222,0.002,0.000,3.725,0.198,false,I,0.064,-,,200
100,3.5,15,2,0.0216,1.240,0.223,0.017,0.001,3.565,0.193,false,I,0.231,-,,200
150,3.5,15,2,0.0324,1.459,0.225,0.061,0.005,3.420,0.189,false,I,0.450,-,,200
200,3.5,15,2,0.0432,1.689,0.227,0.141,0.012,3.309,0.185,false,I,0.680,I,,200
250,3.5,15,2,0.0540,1.910,0.229,0.248,0.020,3.225,0.182,false,I,0.901,I,,200
300,3.5,15,2,0.0648,2.117,0.231,0.374,0.028,3.158,0.179,false,I,1.108,I,,200
350,3.5,15,2,0.0756,2.311,0.234,0.507,0.036,3.101,0.177,false,I,1.302,I,,200
400,3.5,15,2,0.0864,2.497,0.237,0.638,0.043,3.048,0.176,false,I,1.488,I,,200
450,3.5,15,2,0.0972,2.679,0.242,0.762,0.049,2.996,0.174,false,I,1.670,I,,200
500,3.5,15,2,0.1080,2.860,0.246,0.875,0.055,2.944,0.173,false,I,1.851,I,,200
0,3.5,30,2,0.0000,1.009,0.221,0.001,0.000,3.856,0.202,false,I,0.000,-,,200
50,3.5,30,2,0.0054,1.025,0.221,0.001,0.000,3.797,0.200,false,I,0.016,-,,200
100,3.5,30,2,0.0108,1.073,0.222,0.002,0.000,3.725,0.198,false,I,0.064,-,,200
150,3.5,30,2,0.0162,1.147,0.222,0.007,0.001,3.645,0.195,false,I,0.138,-,,200
200,3.5,30,2,0.0216,1.240,0.223,0.017,0.001,3.565,0.193,false,I,0.231,-,,200
250,3.5,30,2,0.0270,1.346,0.224,0.035,0.003,3.488,0.191,false,I,0.337,-,,200
300,3.5,30,2,0.0324,1.459,0.225,0.061,0.005,3.420,0.189,false,I,0.450,-,,200
350,3.5,30,2,0.0378,1.574,0.226,0.097,0.008,3.360,0.187,false,I,0.565,I,,200
400,3.5,30,2,0.0432,1.689,0.227,0.141,0.012,3.309,0.185,false,I,0.680,I,,200
450,3.5,30,2,0.0486,1.801,0.228,0.192,0.016,3.264,0.183,false,I,0.792,I,,200
500,3.5,30,2,0.0540,1.910,0.229,0.248,0.020,3.225,0.182,false,I,0.901,I,,200
0,3.5,60,2,0.0000,1.009,0.221,0.001,0.000,3.856,0.202,false,I,0.000,-,,200
50,3.5,60,2,0.0027,1.013,0.221,0.001,0.000,3.828,0.201,false,I,0.004,-,,200
100,3.5,60,2,0.0054,1.025,0.221,0.001,0.000,3.797,0.200,false,I,0.016,-,,200
150,3.5,60,2,0.0081,1.045,0.221,0.001,0.000,3.762,0.199,false,I,0.036,-,,200
200,3.5,60,2,0.0108,1.073,0.222,0.002,0.000,3.725,0.198,false,I,0.064,-,,200
250,3.5,60,2,0.0135,1.107,0.222,0.004,0.000,3.685,0.196,false,I,0.098,-,,200
300,3.5,60,2,0.0162,1.147,0.222,0.007,0.001,3.645,0.195,false,I,0.138,-,,200
350,3.5,60,2,0.0189,1.191,0.222,0.011,0.001,3.605,0.194,false,I,0.182,-,,200
400,3.5,60,2,0.0216,1.240,0.223,0.017,0.001,3.565,0.193,false,I,0.231,-,,200
450,3.5,60,2,0.0243,1.292,0.223,0.025,0.002,3.526,0.192,false,I,0.283,-,,200
500,3.5,60,2,0.0270,1.346,0.224,0.035,0.003,3.488,0.191,false,I,0.337,-,,200
0,3.5,120,2,0.0000,1.009,0.221,0.001,0.000,3.856,0.202,false,I,0.000,-,,200
50,3.5,120,2,0.0014,1.010,0.221,0.001,0.000,3.842,0.201,false,I,0.001,-,,200
100,3.5,120,2,0.0027,1.013,0.221,0.001,0.000,3.828,0.201,false,I,0.004,-,,200
150,3.5,120,2,0.0041,1.018,0.221,0.001,0.000,3.813,0.200,false,I,0.009,-,,200
200,3.5,120,2,0.0054,1.025,0.221,0.001,0.000,3.797,0.200,false,I,0.016,-,,200
250,3.5,120,2,0.0068,1.034,0.221,0.001,0.000,3.780,0.199,false,I,0.025,-,,200
300,3.5,120,2,0.0081,1.045,0.221,0.001,0.000,3.762,0.199,false,I,0.036,-,,200
350,3.5,120,2,0.0095,1.058,0.221,0.002,0.000,3.744,0.198,false,I,0.049,-,,200
400,3.5,120,2,0.0108,1.073,0.222,0.002,0.000,3.725,0.198,false,I,0.064,-,,200
450,3.5,120,2,0.0122,1.089,0.222,0.003,0.000,3.705,0.197,false,I,0.080,-,,200
500,3.5,120,2,0.0135,1.107,0.222,0.004,0.000,3.685,0.196,false,I,0.098,-,,200
0,7,15,2,0.0000,1.009,0.221,0.001,0.000,3.856,0.202,false,I,0.000,-,,200
50,7,15,2,0.0216,1.240,0.223,0.017,0.001,3.565,0.193,false,I,0.231,-,,200
100,7,15,2,0.0432,1.689,0.227,0.141,0.012,3.309,0.185,false,I,0.680,I,,200
150,7,15,2,0.0648,2.117,0.231,0.374,0.028,3.158,0.179,false,I,1.108,I,,200
200,7,15,2,0.0864,2.497,0.237,0.638,0.043,3.048,0.176,false,I,1.488,I,,200
250,7,15,2,0.1080,2.860,0.246,0.875,0.055,2.944,0.173,false,I,1.851,I,,200
300,7,15,2,0.1296,3.228,0.256,1.072,0.064,2.827,0.168,false,I,2.219,I,,200
350,7,15,2,0.1512,3.646,0.265,1.236,0.072,2.675,0.161,false,I,2.637,I,,200
400,7,15,2,0.1728,4.117,0.270,1.368,0.077,2.496,0.152,false,I,3.108,I,,200
450,7,15,2,0.1944,4.652,0.273,1.467,0.081,2.297,0.142,false,I,3.643,I,,200
500,7,15,2,0.2160,5.243,0.279,1.527,0.083,2.091,0.132,false,I,4.234,I,,200
0,7,30,2,0.0000,1.009,0.221,0.001,0.000,3.856,0.202,false,I,0.000,-,,200
50,7,30,2,0.0108,1.073,0.222,0.002,0.000,3.725,0.198,false,I,0.064,-,,200
100,7,30,2,0.0216,1.240,0.223,0.017,0.001,3.565,0.193,false,I,0.231,-,,200
150,7,30,2,0.0324,1.459,0.225,0.061,0.005,3.420,0.189,false,I,0.450,-,,200
200,7,30,2,0.0432,1.689,0.227,0.141,0.012,3.309,0.185,false,I,0.680,I,,200
250,7,30,2,0.0540,1.910,0.229,0.248,0.020,3.225,0.182,false,I,0.901,I,,200
300,7,30,2,0.0648,2.117,0.231,0.374,0.028,3.158,0.179,false,I,1.108,I,,200
350,7,30,2,0.0756,2.311,0.234,0.507,0.036,3.101,0.177,false,I,1.302,I,,200
400,7,30,2,0.0864,2.497,0.237,0.638,0.043,3.048,0.176,false,I,1.488,I,,200
450,7,30,2,0.0972,2.679,0.242,0.762,0.049,2.996,0.174,false,I,1.670,I,,200
500,7,30,2,0.1080,2.860,0.246,0.875,0.055,2.944,0.173,false,I,1.851,I,,200
0,7,60,2,0.0000,1.009,0.221,0.001,0.000,3.856,0.202,false,I,0.000,-,,200
50,7,60,2,0.0054,1.025,0.221,0.001,0.000,3.797,0.200,false,I,0.016,-,,200
100,7,60,2,0.0108,1.073,0.222,0.002,0.000,3.725,0.198,false,I,0.064,-,,200
150,7,60,2,0.0162,1.147,0.222,0.007,0.001,3.645,0.195,false,I,0.138,-,,200
200,7,60,2,0.0216,1.240,0.223,0.017,0.001,3.565,0.193,false,I,0.231,-,,200
250,7,60,2,0.0270,1.346,0.224,0.035,0.003,3.488,0.191,false,I,0.337,-,,200
300,7,60,2,0.0324,1.459,0.225,0.061,0.005,3.420,0.189,false,I,0.450,-,,200
350,7,60,2,0.0378,1.574,0.226,0.097,0.008,3.360,0.187,false,I,0.565,I,,200
400,7,60,2,0.0432,1.689,0.227,0.141,0.012,3.309,0.185,false,I,0.680,I,,200
450,7,60,2,0.0486,1.801,0.228,0.192,0.016,3.264,0.183,false,I,0.792,I,,200
500,7,60,2,0.0540,1.910,0.229,0.248,0.020,3.225,0.182,false,I,0.901,I,,200
0,7,120,2,0.0000,1.009,0.221,0.001,0.000,3.856,0.202,false,I,0.000,-,,200
50,7,120,2,0.0027,1.013,0.221,0.001,0.000,3.828,0.201,false,I,0.004,-,,200
100,7,120,2,0.0054,1.025,0.221,0.001,0.000,3.797,0.200,false,I,0.016,-,,200
150,7,120,2,0.0081,1.045,0.221,0.001,0.000,3.762,0.199,false,I,0.036,-,,200
200,7,120,2,0.0108,1.073,0.222,0.002,0.000,3.725,0.198,false,I,0.064,-,,200
250,7,120,2,0.0135,1.107,0.222,0.004,0.000,3.685,0.196,false,I,0.098,-,,200
300,7,120,2,0.0162,1.147,0.222,0.007,0.001,3.645,0.195,false,I,0.138,-,,200
350,7,120,2,0.0189,1.191,0.222,0.011,0.001,3.605,0.194,false,I,0.182,-,,200
400,7,120,2,0.0216,1.240,0.223,0.017,0.001,3.565,0.193,false,I,0.231,-,,200
450,7,120,2,0.0243,1.292,0.223,0.025,0.002,3.526,0.192,false,I,0.283,-,,200
500,7,120,2,0.0270,1.346,0.224,0.035,0.003,3.488,0.191,false,I,0.337,-,,200
0,15,15,2,0.0000,1.009,0.221,0.001,0.000,3.856,0.202,false,I,0.000,-,,200
50,15,15,2,0.0463,1.754,0.228,0.169,0.014,3.283,0.184,false,I,0.745,I,,200
100,15,15,2,0.0926,2.601,0.239,0.710,0.047,3.018,0.175,false,I,1.592,I,,200
150,15,15,2,0.1389,3.400,0.260,1.148,0.068,2.765,0.165,false,I,2.391,I,,200
200,15,15,2,0.1852,4.408,0.271,1.431,0.080,2.385,0.146,false,I,3.399,I,,200
250,15,15,2,0.2315,5.609,0.279,1.561,0.083,1.960,0.125,false,I,4.600,I,,200
300,15,15,2,0.2778,6.706,0.276,1.558,0.078,1.612,0.111,false,I,5.697,I,,200
350,15,15,2,0.3241,7.649,0.279,1.492,0.075,1.377,0.101,false,I,6.640,I,,200
400,15,15,2,0.3704,8.396,0.273,1.377,0.069,1.180,0.088,false,I,7.387,I,,200
450,15,15,2,0.4167,9.152,0.279,1.223,0.067,1.057,0.081,false,I,8.143,I,,200
500,15,15,2,0.4630,9.793,0.282,1.102,0.065,0.984,0.078,false,I,8.784,I,,200
0,15,30,2,0.0000,1.009,0.221,0.001,0.000,3.856,0.202,false,I,0.000,-,,200
50,15,30,2,0.0231,1.269,0.223,0.021,0.002,3.542,0.192,false,I,0.260,-,,200
100,15,30,2,0.0463,1.754,0.228,0.169,0.014,3.283,0.184,false,I,0.745,I,,200
150,15,30,2,0.0694,2.202,0.232,0.430,0.031,3.133,0.178,false,I,1.193,I,,200
200,15,30,2,0.0926,2.601,0.239,0.710,0.047,3.018,0.175,false,I,1.592,I,,200
250,15,30,2,0.1157,2.989,0.250,0.948,0.058,2.904,0.171,false,I,1.980,I,,200
300,15,30,2,0.1389,3.400,0.260,1.148,0.068,2.765,0.165,false,I,2.391,I,,200
350,15,30,2,0.1620,3.872,0.268,1.307,0.075,2.588,0.157,false,I,2.863,I,,200
400,15,30,2,0.1852,4.408,0.271,1.431,0.080,2.385,0.146,false,I,3.399,I,,200
450,15,30,2,0.2083,5.054,0.279,1.506,0.082,2.160,0.135,false,I,4.045,I,,200
500,15,30,2,0.2315,5.609,0.279,1.561,0.083,1.960,0.125,false,I,4.600,I,,200
0,15,60,2,0.0000,1.009,0.221,0.001,0.000,3.856,0.202,false,I,0.000,-,,200
50,15,60,2,0.0116,1.082,0.222,0.003,0.000,3.714,0.197,false,I,0.073,-,,200
100,15,60,2,0.0231,1.269,0.223,0.021,0.002,3.542,0.192,false,I,0.260,-,,200
150,15,60,2,0.0347,1.508,0.225,0.076,0.007,3.393,0.188,false,I,0.499,-,,200
200,15,60,2,0.0463,1.754,0.228,0.169,0.014,3.283,0.184,false,I,0.745,I,,200
250,15,60,2,0.0579,1.986,0.230,0.292,0.023,3.200,0.181,false,I,0.977,I,,200
300,15,60,2,0.0694,2.202,0.232,0.430,0.031,3.133,0.178,false,I,1.193,I,,200
350,15,60,2,0.0810,2.405,0.235,0.573,0.040,3.074,0.177,false,I,1.396,I,,200
400,15,60,2,0.0926,2.601,0.239,0.710,0.047,3.018,0.175,false,I,1.592,I,,200
450,15,60,2,0.1042,2.796,0.245,0.836,0.053,2.963,0.173,false,I,1.787,I,,200
500,15,60,2,0.1157,2.989,0.250,0.948,0.058,2.904,0.171,false,I,1.980,I,,200
0,15,120,2,0.0000,1.009,0.221,0.001,0.000,3.856,0.202,false,I,0.000,-,,200
50,15,120,2,0.0058,1.028,0.221,0.001,0.000,3.792,0.200,false,I,0.019,-,,200
100,15,120,2,0.0116,1.082,0.222,0.003,0.000,3.714,0.197,false,I,0.073,-,,200
150,15,120,2,0.0174,1.165,0.222,0.008,0.001,3.628,0.195,false,I,0.156,-,,200
200,15,120,2,0.0231,1.269,0.223,0.021,0.002,3.542,0.192,false,I,0.260,-,,200
250,15,120,2,0.0289,1.386,0.224,0.043,0.004,3.463,0.190,false,I,0.377,-,,200
300,15,120,2,0.0347,1.508,0.225,0.076,0.007,3.393,0.188,false,I,0.499,-,,200
350,15,120,2,0.0405,1.632,0.226,0.118,0.010,3.333,0.186,false,I,0.623,I,,200
400,15,120,2,0.0463,1.754,0.228,0.169,0.014,3.283,0.184,false,I,0.745,I,,200
450,15,120,2,0.0521,1.872,0.229,0.228,0.018,3.239,0.182,false,I,0.863,I,,200
500,15,120,2,0.0579,1.986,0.230,0.292,0.023,3.200,0.181,false,I,0.977,I,,200
0,28,15,2,0.0000,1.009,0.221,0.001,0.000,3.856,0.202,false,I,0.000,-,,200
50,28,15,2,0.0864,2.497,0.237,0.638,0.043,3.048,0.176,false,I,1.488,I,,200
100,28,15,2,0.1728,4.117,0.270,1.368,0.077,2.496,0.152,false,I,3.108,I,,200
150,28,15,2,0.2593,6.246,0.276,1.575,0.080,1.743,0.115,false,I,5.237,I,,200
200,28,15,2,0.3457,8.018,0.278,1.447,0.073,1.270,0.096,false,I,7.009,I,,200
250,28,15,2,0.4321,9.356,0.280,1.186,0.066,1.033,0.080,false,I,8.347,I,,200
300,28,15,2,0.5185,10.702,0.284,0.979,0.068,0.864,0.073,false,I,9.693,I,,200
350,28,15,2,0.6049,12.845,0.312,0.755,0.065,0.649,0.054,false,I,11.836,I,,200
400,28,15,2,0.6914,15.309,0.341,0.547,0.051,0.471,0.040,false,I,14.300,I,,200
450,28,15,2,0.7778,17.509,0.341,0.439,0.045,0.383,0.036,true,I,16.500,I,,200
500,28,15,2,0.8642,18.968,0.356,0.390,0.041,0.360,0.036,true,I,17.959,I,,200
0,28,30,2,0.0000,1.009,0.221,0.001,0.000,3.856,0.202,false,I,0.000,-,,200
50,28,30,2,0.0432,1.689,0.227,0.141,0.012,3.309,0.185,false,I,0.680,I,,200
100,28,30,2,0.0864,2.497,0.237,0.638,0.043,3.048,0.176,false,I,1.488,I,,200
150,28,30,2,0.1296,3.228,0.256,1.072,0.064,2.827,0.168,false,I,2.219,I,,200
200,28,30,2,0.1728,4.117,0.270,1.368,0.077,2.496,0.152,false,I,3.108,I,,200
250,28,30,2,0.2160,5.243,0.279,1.527,0.083,2.091,0.132,false,I,4.234,I,,200
300,28,30,2,0.2593,6.246,0.276,1.575,0.080,1.743,0.115,false,I,5.237,I,,200
350,28,30,2,0.3025,7.251,0.281,1.530,0.076,1.471,0.106,false,I,6.242,I,,200
400,28,30,2,0.3457,8.018,0.278,1.447,0.073,1.270,0.096,false,I,7.009,I,,200
450,28,30,2,0.3889,8.686,0.272,1.319,0.068,1.116,0.084,false,I,7.677,I,,200
500,28,30,2,0.4321,9.356,0.280,1.186,0.066,1.033,0.080,false,I,8.347,I,,200
0,28,60,2,0.0000,1.009,0.221,0.001,0.000,3.856,0.202,false,I,0.000,-,,200
50,28,60,2,0.0216,1.240,0.223,0.017,0.001,3.565,0.193,false,I,0.231,-,,200
100,28,60,2,0.0432,1.689,0.227,0.141,0.012,3.309,0.185,false,I,0.680,I,,200
150,28,60,2,0.0648,2.117,0.231,0.374,0.028,3.158,0.179,false,I,1.108,I,,200
200,28,60,2,0.0864,2.497,0.237,0.638,0.043,3.048,0.176,false,I,1.488,I,,200
250,28,60,2,0.1080,2.860,0.246,0.875,0.055,2.944,0.173,false,I,1.851,I,,200
300,28,60,2,0.1296,3.228,0.256,1.072,0.064,2.827,0.168,false,I,2.219,I,,200
350,28,60,2,0.1512,3.646,0.265,1.236,0.072,2.675,0.161,false,I,2.637,I,,200
400,28,60,2,0.1728,4.117,0.270,1.368,0.077,2.496,0.152,false,I,3.108,I,,200
450,28,60,2,0.1944,4.652,0.273,1.467,0.081,2.297,0.142,false,I,3.643,I,,200
500,28,60,2,0.2160,5.243,0.279,1.527,0.083,2.091,0.132,false,I,4.234,I,,200
0,28,120,2,0.0000,1.009,0.221,0.001,0.000,3.856,0.202,false,I,0.000,-,,200
50,28,120,2,0.0108,1.073,0.222,0.002,0.000,3.725,0.198,false,I,0.064,-,,200
100,28,120,2,0.0216,1.240,0.223,0.017,0.001,3.565,0.193,false,I,0.231,-,,200
150,28,120,2,0.0324,1.459,0.225,0.061,0.005,3.420,0.189,false,I,0.450,-,,200
200,28,120,2,0.0432,1.689,0.227,0.141,0.012,3.309,0.185,false,I,0.680,I,,200
250,28,120,2,0.0540,1.910,0.229,0.248,0.020,3.225,0.182,false,I,0.901,I,,200
300,28,120,2,0.0648,2.117,0.231,0.374,0.028,3.158,0.179,false,I,1.108,I,,200
350,28,120,2,0.0756,2.311,0.234,0.507,0.036,3.101,0.177,false,I,1.302,I,,200
400,28,120,2,0.0864,2.497,0.237,0.638,0.043,3.048,0.176,false,I,1.488,I,,200
450,28,120,2,0.0972,2.679,0.242,0.762,0.049,2.996,0.174,false,I,1.670,I,,200
500,28,120,2,0.1080,2.860,0.246,0.875,0.055,2.944,0.173,false,I,1.851,I,,200
0,3.5,15,4,0.0000,0.517,0.159,0.002,0.000,10.645,0.208,false,I,0.000,-,,200
50,3.5,15,4,0.0108,0.580,0.161,0.006,0.000,10.642,0.210,false,I,0.063,-,,200
100,3.5,15,4,0.0216,0.728,0.164,0.042,0.004,10.514,0.213,false,I,0.211,-,,200
150,3.5,15,4,0.0324,0.887,0.167,0.129,0.011,10.357,0.215,false,I,0.370,-,,200
200,3.5,15,4,0.0432,1.026,0.170,0.253,0.020,10.214,0.216,false,I,0.509,I,,200
250,3.5,15,4,0.0540,1.140,0.172,0.390,0.030,10.092,0.216,false,I,0.623,I,,200
300,3.5,15,4,0.0648,1.238,0.173,0.523,0.039,9.987,0.217,false,I,0.721,I,,200
350,3.5,15,4,0.0756,1.328,0.175,0.639,0.047,9.891,0.217,false,I,0.811,I,,200
400,3.5,15,4,0.0864,1.418,0.177,0.737,0.054,9.796,0.217,false,I,0.901,I,,200
450,3.5,15,4,0.0972,1.516,0.179,0.816,0.059,9.697,0.217,false,I,0.999,I,,200
500,3.5,15,4,0.1080,1.627,0.181,0.875,0.064,9.587,0.216,false,I,1.110,I,,200
0,3.5,30,4,0.0000,0.517,0.159,0.002,0.000,10.645,0.208,false,I,0.000,-,,200
50,3.5,30,4,0.0054,0.533,0.160,0.002,0.000,10.666,0.209,false,I,0.016,-,,200
100,3.5,30,4,0.0108,0.580,0.161,0.006,0.000,10.642,0.210,false,I,0.063,-,,200
150,3.5,30,4,0.0162,0.649,0.162,0.018,0.001,10.587,0.211,false,I,0.132,-,,200
200,3.5,30,4,0.0216,0.728,0.164,0.042,0.004,10.514,0.213,false,I,0.211,-,,200
250,3.5,30,4,0.0270,0.810,0.165,0.079,0.007,10.435,0.214,false,I,0.293,-,,200
300,3.5,30,4,0.0324,0.887,0.167,0.129,0.011,10.357,0.215,false,I,0.370,-,,200
350,3.5,30,4,0.0378,0.960,0.168,0.188,0.015,10.283,0.215,false,I,0.443,-,,200
400,3.5,30,4,0.0432,1.026,0.170,0.253,0.020,10.214,0.216,false,I,0.509,I,,200
450,3.5,30,4,0.0486,1.086,0.171,0.321,0.025,10.151,0.216,false,I,0.569,I,,200
500,3.5,30,4,0.0540,1.140,0.172,0.390,0.030,10.092,0.216,false,I,0.623,I,,200
0,3.5,60,4,0.0000,0.517,0.159,0.002,0.000,10.645,0.208,false,I,0.000,-,,200
50,3.5,60,4,0.0027,0.520,0.159,0.002,0.000,10.662,0.208,false,I,0.003,-,,200
100,3.5,60,4,0.0054,0.533,0.160,0.002,0.000,10.666,0.209,false,I,0.016,-,,200
150,3.5,60,4,0.0081,0.553,0.160,0.003,0.000,10.659,0.209,false,I,0.036,-,,200
200,3.5,60,4,0.0108,0.580,0.161,0.006,0.000,10.642,0.210,false,I,0.063,-,,200
250,3.5,60,4,0.0135,0.613,0.161,0.010,0.001,10.617,0.211,false,I,0.096,-,,200
300,3.5,60,4,0.0162,0.649,0.162,0.018,0.001,10.587,0.211,false,I,0.132,-,,200
350,3.5,60,4,0.0189,0.688,0.163,0.028,0.002,10.552,0.212,false,I,0.171,-,,200
400,3.5,60,4,0.0216,0.728,0.164,0.042,0.004,10.514,0.213,false,I,0.211,-,,200
450,3.5,60,4,0.0243,0.769,0.165,0.059,0.005,10.475,0.213,false,I,0.252,-,,200
500,3.5,60,4,0.0270,0.810,0.165,0.079,0.007,10.435,0.214,false,I,0.293,-,,200
0,3.5,120,4,0.0000,0.517,0.159,0.002,0.000,10.645,0.208,false,I,0.000,-,,200
50,3.5,120,4,0.0014,0.518,0.159,0.002,0.000,10.655,0.208,false,I,0.001,-,,200
100,3.5,120,4,0.0027,0.520,0.159,0.002,0.000,10.662,0.208,false,I,0.003,-,,200
150,3.5,120,4,0.0041,0.526,0.160,0.002,0.000,10.665,0.208,false,I,0.009,-,,200
200,3.5,120,4,0.0054,0.533,0.160,0.002,0.000,10.666,0.209,false,I,0.016,-,,200
250,3.5,120,4,0.0068,0.542,0.160,0.003,0.000,10.664,0.209,false,I,0.025,-,,200
300,3.5,120,4,0.0081,0.553,0.160,0.003,0.000,10.659,0.209,false,I,0.036,-,,200
350,3.5,120,4,0.0095,0.566,0.160,0.004,0.000,10.652,0.210,false,I,0.049,-,,200
400,3.5,120,4,0.0108,0.580,0.161,0.006,0.000,10.642,0.210,false,I,0.063,-,,200
450,3.5,120,4,0.0122,0.596,0.161,0.008,0.001,10.631,0.210,false,I,0.079,-,,200
500,3.5,120,4,0.0135,0.613,0.161,0.010,0.001,10.617,0.211,false,I,0.096,-,,200
0,7,15,4,0.0000,0.517,0.159,0.002,0.000,10.645,0.208,false,I,0.000,-,,200
50,7,15,4,0.0216,0.728,0.164,0.042,0.004,10.514,0.213,false,I,0.211,-,,200
100,7,15,4,0.0432,1.026,0.170,0.253,0.020,10.214,0.216,false,I,0.509,I,,200
150,7,15,4,0.0648,1.238,0.173,0.523,0.039,9.987,0.217,false,I,0.721,I,,200
200,7,15,4,0.0864,1.418,0.177,0.737,0.054,9.796,0.217,false,I,0.901,I,,200
250,7,15,4,0.1080,1.627,0.181,0.875,0.064,9.587,0.216,false,I,1.110,I,,200
300,7,15,4,0.1296,1.906,0.182,0.942,0.070,9.317,0.215,false,I,1.389,I,,200
350,7,15,4,0.1512,2.286,0.183,0.967,0.072,8.961,0.212,false,I,1.769,I,,200
400,7,15,4,0.1728,2.785,0.186,0.975,0.071,8.521,0.209,false,I,2.268,I,,200
450,7,15,4,0.1944,3.356,0.192,0.997,0.069,8.040,0.206,false,I,2.839,I,,200
500,7,15,4,0.2160,4.022,0.206,1.054,0.067,7.507,0.205,false,I,3.505,I,,200
0,7,30,4,0.0000,0.517,0.159,0.002,0.000,10.645,0.208,false,I,0.000,-,,200
50,7,30,4,0.0108,0.580,0.161,0.006,0.000,10.642,0.210,false,I,0.063,-,,200
100,7,30,4,0.0216,0.728,0.164,0.042,0.004,10.514,0.213,false,I,0.211,-,,200
150,7,30,4,0.0324,0.887,0.167,0.129,0.011,10.357,0.215,false,I,0.370,-,,200
200,7,30,4,0.0432,1.026,0.170,0.253,0.020,10.214,0.216,false,I,0.509,I,,200
250,7,30,4,0.0540,1.140,0.172,0.390,0.030,10.092,0.216,false,I,0.623,I,,200
300,7,30,4,0.0648,1.238,0.173,0.523,0.039,9.987,0.217,false,I,0.721,I,,200
350,7,30,4,0.0756,1.328,0.175,0.639,0.047,9.891,0.217,false,I,0.811,I,,200
400,7,30,4,0.0864,1.418,0.177,0.737,0.054,9.796,0.217,false,I,0.901,I,,200
450,7,30,4,0.0972,1.516,0.179,0.816,0.059,9.697,0.217,false,I,0.999,I,,200
500,7,30,4,0.1080,1.627,0.181,0.875,0.064,9.587,0.216,false,I,1.110,I,,200
0,7,60,4,0.0000,0.517,0.159,0.002,0.000,10.645,0.208,false,I,0.000,-,,200
50,7,60,4,0.0054,0.533,0.160,0.002,0.000,10.666,0.209,false,I,0.016,-,,200
100,7,60,4,0.0108,0.580,0.161,0.006,0.000,10.642,0.210,false,I,0.063,-,,200
150,7,60,4,0.0162,0.649,0.162,0.018,0.001,10.587,0.211,false,I,0.132,-,,200
200,7,60,4,0.0216,0.728,0.164,0.042,0.004,10.514,0.213,false,I,0.211,-,,200
250,7,60,4,0.0270,0.810,0.165,0.079,0.007,10.435,0.214,false,I,0.293,-,,200
300,7,60,4,0.0324,0.887,0.167,0.129,0.011,10.357,0.215,false,I,0.370,-,,200
350,7,60,4,0.0378,0.960,0.168,0.188,0.015,10.283,0.215,false,I,0.443,-,,200
400,7,60,4,0.0432,1.026,0.170,0.253,0.020,10.214,0.216,false,I,0.509,I,,200
450,7,60,4,0.0486,1.086,0.171,0.321,0.025,10.151,0.216,false,I,0.569,I,,200
500,7,60,4,0.0540,1.140,0.172,0.390,0.030,10.092,0.216,false,I,0.623,I,,200
0,7,120,4,0.0000,0.517,0.159,0.002,0.000,10.645,0.208,false,I,0.000,-,,200
50,7,120,4,0.0027,0.520,0.159,0.002,0.000,10.662,0.208,false,I,0.003,-,,200
100,7,120,4,0.0054,0.533,0.160,0.002,0.000,10.666,0.209,false,I,0.016,-,,200
150,7,120,4,0.0081,0.553,0.160,0.003,0.000,10.659,0.209,false,I,0.036,-,,200
200,7,120,4,0.0108,0.580,0.161,0.006,0.000,10.642,0.210,false,I,0.063,-,,200
250,7,120,4,0.0135,0.613,0.161,0.010,0.001,10.617,0.211,false,I,0.096,-,,200
300,7,120,4,0.0162,0.649,0.162,0.018,0.001,10.587,0.211,false,I,0.132,-,,200
350,7,120,4,0.0189,0.688,0.163,0.028,0.002,10.552,0.212,false,I,0.171,-,,200
400,7,120,4,0.0216,0.728,0.164,0.042,0.004,10.514,0.213,false,I,0.211,-,,200
450,7,120,4,0.0243,0.769,0.165,0.059,0.005,10.475,0.213,false,I,0.252,-,,200
500,7,120,4,0.0270,0.810,0.165,0.079,0.007,10.435,0.214,false,I,0.293,-,,200
0,15,15,4,0.0000,0.517,0.159,0.002,0.000,10.645,0.208,false,I,0.000,-,,200
50,15,15,4,0.0463,1.061,0.170,0.292,0.023,10.177,0.216,false,I,0.544,I,,200
100,15,15,4,0.0926,1.473,0.178,0.784,0.057,9.740,0.217,false,I,0.956,I,,200
150,15,15,4,0.1389,2.055,0.183,0.956,0.071,9.176,0.213,false,I,1.538,I,,200
200,15,15,4,0.1852,3.103,0.189,0.985,0.070,8.250,0.207,false,I,2.586,I,,200
250,15,15,4,0.2315,4.467,0.214,1.113,0.065,7.155,0.205,false,I,3.950,I,,200
300,15,15,4,0.2778,5.709,0.248,1.353,0.065,6.277,0.211,false,I,5.192,I,,200
350,15,15,4,0.3241,6.521,0.261,1.609,0.064,5.814,0.213,false,I,6.004,I,,200
400,15,15,4,0.3704,7.097,0.262,1.767,0.067,5.487,0.202,false,I,6.580,I,,200
450,15,15,4,0.4167,7.046,0.261,1.844,0.070,5.511,0.195,false,I,6.529,I,,200
500,15,15,4,0.4630,6.958,0.276,1.833,0.075,5.571,0.196,false,I,6.441,I,,200
0,15,30,4,0.0000,0.517,0.159,0.002,0.000,10.645,0.208,false,I,0.000,-,,200
50,15,30,4,0.0231,0.752,0.164,0.051,0.004,10.492,0.213,false,I,0.235,-,,200
100,15,30,4,0.0463,1.061,0.170,0.292,0.023,10.177,0.216,false,I,0.544,I,,200
150,15,30,4,0.0694,1.277,0.174,0.575,0.043,9.945,0.217,false,I,0.760,I,,200
200,15,30,4,0.0926,1.473,0.178,0.784,0.057,9.740,0.217,false,I,0.956,I,,200
250,15,30,4,0.1157,1.716,0.182,0.906,0.066,9.499,0.216,false,I,1.199,I,,200
300,15,30,4,0.1389,2.055,0.183,0.956,0.071,9.176,0.213,false,I,1.538,I,,200
350,15,30,4,0.1620,2.524,0.184,0.971,0.072,8.748,0.211,false,I,2.007,I,,200
400,15,30,4,0.1852,3.103,0.189,0.985,0.070,8.250,0.207,false,I,2.586,I,,200
450,15,30,4,0.2083,3.777,0.200,1.032,0.068,7.703,0.205,false,I,3.260,I,,200
500,15,30,4,0.2315,4.467,0.214,1.113,0.065,7.155,0.205,false,I,3.950,I,,200
0,15,60,4,0.0000,0.517,0.159,0.002,0.000,10.645,0.208,false,I,0.000,-,,200
50,15,60,4,0.0116,0.589,0.161,0.007,0.000,10.636,0.210,false,I,0.072,-,,200
100,15,60,4,0.0231,0.752,0.164,0.051,0.004,10.492,0.213,false,I,0.235,-,,200
150,15,60,4,0.0347,0.919,0.168,0.153,0.013,10.325,0.215,false,I,0.402,-,,200
200,15,60,4,0.0463,1.061,0.170,0.292,0.023,10.177,0.216,false,I,0.544,I,,200
250,15,60,4,0.0579,1.176,0.172,0.439,0.033,10.053,0.216,false,I,0.659,I,,200
300,15,60,4,0.0694,1.277,0.174,0.575,0.043,9.945,0.217,false,I,0.760,I,,200
350,15,60,4,0.0810,1.373,0.176,0.691,0.051,9.844,0.217,false,I,0.856,I,,200
400,15,60,4,0.0926,1.473,0.178,0.784,0.057,9.740,0.217,false,I,0.956,I,,200
450,15,60,4,0.1042,1.585,0.180,0.856,0.062,9.628,0.216,false,I,1.068,I,,200
500,15,60,4,0.1157,1.716,0.182,0.906,0.066,9.499,0.216,false,I,1.199,I,,200
0,15,120,4,0.0000,0.517,0.159,0.002,0.000,10.645,0.208,false,I,0.000,-,,200
50,15,120,4,0.0058,0.535,0.160,0.002,0.000,10.666,0.209,false,I,0.018,-,,200
100,15,120,4,0.0116,0.589,0.161,0.007,0.000,10.636,0.210,false,I,0.072,-,,200
150,15,120,4,0.0174,0.666,0.162,0.022,0.002,10.572,0.212,false,I,0.149,-,,200
200,15,120,4,0.0231,0.752,0.164,0.051,0.004,10.492,0.213,false,I,0.235,-,,200
250,15,120,4,0.0289,0.838,0.166,0.095,0.008,10.407,0.214,false,I,0.321,-,,200
300,15,120,4,0.0347,0.919,0.168,0.153,0.013,10.325,0.215,false,I,0.402,-,,200
350,15,120,4,0.0405,0.994,0.169,0.220,0.018,10.248,0.216,false,I,0.477,-,,200
400,15,120,4,0.0463,1.061,0.170,0.292,0.023,10.177,0.216,false,I,0.544,I,,200
450,15,120,4,0.0521,1.121,0.171,0.366,0.028,10.113,0.216,false,I,0.604,I,,200
500,15,120,4,0.0579,1.176,0.172,0.439,0.033,10.053,0.216,false,I,0.659,I,,200
0,28,15,4,0.0000,0.517,0.159,0.002,0.000,10.645,0.208,false,I,0.000,-,,200
50,28,15,4,0.0864,1.418,0.177,0.737,0.054,9.796,0.217,false,I,0.901,I,,200
100,28,15,4,0.1728,2.785,0.186,0.975,0.071,8.521,0.209,false,I,2.268,I,,200
150,28,15,4,0.2593,5.306,0.236,1.252,0.065,6.549,0.208,false,I,4.789,I,,200
200,28,15,4,0.3457,6.812,0.263,1.687,0.065,5.658,0.205,false,I,6.295,I,,200
250,28,15,4,0.4321,6.977,0.263,1.845,0.072,5.545,0.194,false,I,6.460,I,,200
300,28,15,4,0.5185,6.988,0.282,1.694,0.078,5.541,0.197,false,I,6.471,I,,200
350,28,15,4,0.6049,8.282,0.308,1.620,0.082,4.805,0.183,false,I,7.765,I,,200
400,28,15,4,0.6914,9.999,0.335,1.882,0.087,3.945,0.166,false,I,9.482,I,,200
450,28,15,4,0.7778,11.347,0.380,2.083,0.091,3.435,0.161,false,I,10.830,I,,200
500,28,15,4,0.8642,12.766,0.387,1.909,0.098,2.813,0.136,false,I,12.249,I,,200
0,28,30,4,0.0000,0.517,0.159,0.002,0.000,10.645,0.208,false,I,0.000,-,,200
50,28,30,4,0.0432,1.026,0.170,0.253,0.020,10.214,0.216,false,I,0.509,I,,200
100,28,30,4,0.0864,1.418,0.177,0.737,0.054,9.796,0.217,false,I,0.901,I,,200
150,28,30,4,0.1296,1.906,0.182,0.942,0.070,9.317,0.215,false,I,1.389,I,,200
200,28,30,4,0.1728,2.785,0.186,0.975,0.071,8.521,0.209,false,I,2.268,I,,200
250,28,30,4,0.2160,4.022,0.206,1.054,0.067,7.507,0.205,false,I,3.505,I,,200
300,28,30,4,0.2593,5.306,0.236,1.252,0.065,6.549,0.208,false,I,4.789,I,,200
350,28,30,4,0.3025,6.149,0.253,1.514,0.065,6.006,0.214,false,I,5.632,I,,200
400,28,30,4,0.3457,6.812,0.263,1.687,0.065,5.658,0.205,false,I,6.295,I,,200
450,28,30,4,0.3889,7.147,0.264,1.817,0.069,5.454,0.199,false,I,6.630,I,,200
500,28,30,4,0.4321,6.977,0.263,1.845,0.072,5.545,0.194,false,I,6.460,I,,200
0,28,60,4,0.0000,0.517,0.159,0.002,0.000,10.645,0.208,false,I,0.000,-,,200
50,28,60,4,0.0216,0.728,0.164,0.042,0.004,10.514,0.213,false,I,0.211,-,,200
100,28,60,4,0.0432,1.026,0.170,0.253,0.020,10.214,0.216,false,I,0.509,I,,200
150,28,60,4,0.0648,1.238,0.173,0.523,0.039,9.987,0.217,false,I,0.721,I,,200
200,28,60,4,0.0864,1.418,0.177,0.737,0.054,9.796,0.217,false,I,0.901,I,,200
250,28,60,4,0.1080,1.627,0.181,0.875,0.064,9.587,0.216,false,I,1.110,I,,200
300,28,60,4,0.1296,1.906,0.182,0.942,0.070,9.317,0.215,false,I,1.389,I,,200
350,28,60,4,0.1512,2.286,0.183,0.967,0.072,8.961,0.212,false,I,1.769,I,,200
400,28,60,4,0.1728,2.785,0.186,0.975,0.071,8.521,0.209,false,I,2.268,I,,200
450,28,60,4,0.1944,3.356,0.192,0.997,0.069,8.040,0.206,false,I,2.839,I,,200
500,28,60,4,0.2160,4.022,0.206,1.054,0.067,7.507,0.205,false,I,3.505,I,,200
0,28,120,4,0.0000,0.517,0.159,0.002,0.000,10.645,0.208,false,I,0.000,-,,200
50,28,120,4,0.0108,0.580,0.161,0.006,0.000,10.642,0.210,false,I,0.063,-,,200
100,28,120,4,0.0216,0.728,0.164,0.042,0.004,10.514,0.213,false,I,0.211,-,,200
150,28,120,4,0.0324,0.887,0.167,0.129,0.011,10.357,0.215,false,I,0.370,-,,200
200,28,120,4,0.0432,1.026,0.170,0.253,0.020,10.214,0.216,false,I,0.509,I,,200
250,28,120,4,0.0540,1.140,0.172,0.390,0.030,10.092,0.216,false,I,0.623,I,,200
300,28,120,4,0.0648,1.238,0.173,0.523,0.039,9.987,0.217,false,I,0.721,I,,200
350,28,120,4,0.0756,1.328,0.175,0.639,0.047,9.891,0.217,false,I,0.811,I,,200
400,28,120,4,0.0864,1.418,0.177,0.737,0.054,9.796,0.217,false,I,0.901,I,,200
450,28,120,4,0.0972,1.516,0.179,0.816,0.059,9.697,0.217,false,I,0.999,I,,200
500,28,120,4,0.1080,1.627,0.181,0.875,0.064,9.587,0.216,false,I,1.110,I,,200
0,3.5,15,8,0.0000,0.227,0.104,0.003,0.000,17.219,0.142,false,-,0.000,-,,200
50,3.5,15,8,0.0108,0.278,0.107,0.010,0.001,17.117,0.144,false,-,0.051,-,,200
100,3.5,15,8,0.0216,0.365,0.112,0.058,0.007,17.004,0.147,false,-,0.138,-,,200
150,3.5,15,8,0.0324,0.438,0.115,0.140,0.017,16.930,0.148,false,-,0.211,-,,200
200,3.5,15,8,0.0432,0.495,0.117,0.226,0.026,16.879,0.149,false,-,0.268,-,,200
250,3.5,15,8,0.0540,0.546,0.119,0.298,0.034,16.835,0.150,false,I,0.319,-,,200
300,3.5,15,8,0.0648,0.603,0.120,0.352,0.040,16.785,0.151,false,I,0.376,-,,200
350,3.5,15,8,0.0756,0.674,0.121,0.389,0.044,16.720,0.151,false,I,0.447,-,,200
400,3.5,15,8,0.0864,0.767,0.121,0.413,0.047,16.632,0.150,false,I,0.540,I,,200
450,3.5,15,8,0.0972,0.889,0.120,0.427,0.049,16.515,0.149,false,I,0.662,I,,200
500,3.5,15,8,0.1080,1.045,0.118,0.436,0.050,16.365,0.148,false,I,0.818,I,,200
0,3.5,30,8,0.0000,0.227,0.104,0.003,0.000,17.219,0.142,false,-,0.000,-,,200
50,3.5,30,8,0.0054,0.241,0.105,0.004,0.000,17.178,0.143,false,-,0.014,-,,200
100,3.5,30,8,0.0108,0.278,0.107,0.010,0.001,17.117,0.144,false,-,0.051,-,,200
150,3.5,30,8,0.0162,0.322,0.110,0.028,0.003,17.056,0.145,false,-,0.095,-,,200
200,3.5,30,8,0.0216,0.365,0.112,0.058,0.007,17.004,0.147,false,-,0.138,-,,200
250,3.5,30,8,0.0270,0.404,0.114,0.097,0.012,16.963,0.148,false,-,0.177,-,,200
300,3.5,30,8,0.0324,0.438,0.115,0.140,0.017,16.930,0.148,false,-,0.211,-,,200
350,3.5,30,8,0.0378,0.468,0.116,0.184,0.021,16.903,0.149,false,-,0.241,-,,200
400,3.5,30,8,0.0432,0.495,0.117,0.226,0.026,16.879,0.149,false,-,0.268,-,,200
450,3.5,30,8,0.0486,0.520,0.118,0.264,0.030,16.857,0.150,false,I,0.293,-,,200
500,3.5,30,8,0.0540,0.546,0.119,0.298,0.034,16.835,0.150,false,I,0.319,-,,200
0,3.5,60,8,0.0000,0.227,0.104,0.003,0.000,17.219,0.142,false,-,0.000,-,,200
50,3.5,60,8,0.0027,0.231,0.105,0.003,0.000,17.202,0.142,false,-,0.004,-,,200
100,3.5,60,8,0.0054,0.241,0.105,0.004,0.000,17.178,0.143,false,-,0.014,-,,200
150,3.5,60,8,0.0081,0.258,0.106,0.006,0.000,17.149,0.143,false,-,0.031,-,,200
200,3.5,60,8,0.0108,0.278,0.107,0.010,0.001,17.117,0.144,false,-,0.051,-,,200
250,3.5,60,8,0.0135,0.299,0.109,0.018,0.002,17.086,0.145,false,-,0.072,-,,200
300,3.5,60,8,0.0162,0.322,0.110,0.028,0.003,17.056,0.145,false,-,0.095,-,,200
350,3.5,60,8,0.0189,0.344,0.111,0.042,0.005,17.029,0.146,false,-,0.117,-,,200
400,3.5,60,8,0.0216,0.365,0.112,0.058,0.007,17.004,0.147,false,-,0.138,-,,200
450,3.5,60,8,0.0243,0.385,0.113,0.077,0.009,16.982,0.147,false,-,0.158,-,,200
500,3.5,60,8,0.0270,0.404,0.114,0.097,0.012,16.963,0.148,false,-,0.177,-,,200
0,3.5,120,8,0.0000,0.227,0.104,0.003,0.000,17.219,0.142,false,-,0.000,-,,200
50,3.5,120,8,0.0014,0.228,0.105,0.003,0.000,17.212,0.142,false,-,0.001,-,,200
100,3.5,120,8,0.0027,0.231,0.105,0.003,0.000,17.202,0.142,false,-,0.004,-,,200
150,3.5,120,8,0.0041,0.235,0.105,0.004,0.000,17.191,0.143,false,-,0.008,-,,200
200,3.5,120,8,0.0054,0.241,0.105,0.004,0.000,17.178,0.143,false,-,0.014,-,,200
250,3.5,120,8,0.0068,0.249,0.106,0.005,0.000,17.164,0.143,false,-,0.022,-,,200
300,3.5,120,8,0.0081,0.258,0.106,0.006,0.000,17.149,0.143,false,-,0.031,-,,200
350,3.5,120,8,0.0095,0.267,0.107,0.008,0.001,17.133,0.144,false,-,0.040,-,,200
400,3.5,120,8,0.0108,0.278,0.107,0.010,0.001,17.117,0.144,false,-,0.051,-,,200
450,3.5,120,8,0.0122,0.288,0.108,0.014,0.001,17.101,0.144,false,-,0.061,-,,200
500,3.5,120,8,0.0135,0.299,0.109,0.018,0.002,17.086,0.145,false,-,0.072,-,,200
0,7,15,8,0.0000,0.227,0.104,0.003,0.000,17.219,0.142,false,-,0.000,-,,200
50,7,15,8,0.0216,0.365,0.112,0.058,0.007,17.004,0.147,false,-,0.138,-,,200
100,7,15,8,0.0432,0.495,0.117,0.226,0.026,16.879,0.149,false,-,0.268,-,,200
150,7,15,8,0.0648,0.603,0.120,0.352,0.040,16.785,0.151,false,I,0.376,-,,200
200,7,15,8,0.0864,0.767,0.121,0.413,0.047,16.632,0.150,false,I,0.540,I,,200
250,7,15,8,0.1080,1.045,0.118,0.436,0.050,16.365,0.148,false,I,0.818,I,,200
300,7,15,8,0.1296,1.466,0.112,0.457,0.051,15.958,0.143,false,I,1.239,I,,200
350,7,15,8,0.1512,2.027,0.110,0.508,0.050,15.416,0.141,false,I,1.800,I,,200
400,7,15,8,0.1728,2.661,0.115,0.611,0.049,14.811,0.143,false,I,2.434,I,,200
450,7,15,8,0.1944,3.273,0.120,0.774,0.048,14.231,0.144,false,I,3.046,I,,200
500,7,15,8,0.2160,3.943,0.159,0.989,0.048,13.624,0.161,false,I,3.716,I,,200
0,7,30,8,0.0000,0.227,0.104,0.003,0.000,17.219,0.142,false,-,0.000,-,,200
50,7,30,8,0.0108,0.278,0.107,0.010,0.001,17.117,0.144,false,-,0.051,-,,200
100,7,30,8,0.0216,0.365,0.112,0.058,0.007,17.004,0.147,false,-,0.138,-,,200
150,7,30,8,0.0324,0.438,0.115,0.140,0.017,16.930,0.148,false,-,0.211,-,,200
200,7,30,8,0.0432,0.495,0.117,0.226,0.026,16.879,0.149,false,-,0.268,-,,200
250,7,30,8,0.0540,0.546,0.119,0.298,0.034,16.835,0.150,false,I,0.319,-,,200
300,7,30,8,0.0648,0.603,0.120,0.352,0.040,16.785,0.151,false,I,0.376,-,,200
350,7,30,8,0.0756,0.674,0.121,0.389,0.044,16.720,0.151,false,I,0.447,-,,200
400,7,30,8,0.0864,0.767,0.121,0.413,0.047,16.632,0.150,false,I,0.540,I,,200
450,7,30,8,0.0972,0.889,0.120,0.427,0.049,16.515,0.149,false,I,0.662,I,,200
500,7,30,8,0.1080,1.045,0.118,0.436,0.050,16.365,0.148,false,I,0.818,I,,200
0,7,60,8,0.0000,0.227,0.104,0.003,0.000,17.219,0.142,false,-,0.000,-,,200
50,7,60,8,0.0054,0.241,0.105,0.004,0.000,17.178,0.143,false,-,0.014,-,,200
100,7,60,8,0.0108,0.278,0.107,0.010,0.001,17.117,0.144,false,-,0.051,-,,200
150,7,60,8,0.0162,0.322,0.110,0.028,0.003,17.056,0.145,false,-,0.095,-,,200
200,7,60,8,0.0216,0.365,0.112,0.058,0.007,17.004,0.147,false,-,0.138,-,,200
250,7,60,8,0.0270,0.404,0.114,0.097,0.012,16.963,0.148,false,-,0.177,-,,200
300,7,60,8,0.0324,0.438,0.115,0.140,0.017,16.930,0.148,false,-,0.211,-,,200
350,7,60,8,0.0378,0.468,0.116,0.184,0.021,16.903,0.149,false,-,0.241,-,,200
400,7,60,8,0.0432,0.495,0.117,0.226,0.026,16.879,0.149,false,-,0.268,-,,200
450,7,60,8,0.0486,0.520,0.118,0.264,0.030,16.857,0.150,false,I,0.293,-,,200
500,7,60,8,0.0540,0.546,0.119,0.298,0.034,16.835,0.150,false,I,0.319,-,,200
0,7,120,8,0.0000,0.227,0.104,0.003,0.000,17.219,0.142,false,-,0.000,-,,200
50,7,120,8,0.0027,0.231,0.105,0.003,0.000,17.202,0.142,false,-,0.004,-,,200
100,7,120,8,0.0054,0.241,0.105,0.004,0.000,17.178,0.143,false,-,0.014,-,,200
150,7,120,8,0.0081,0.258,0.106,0.006,0.000,17.149,0.143,false,-,0.031,-,,200
200,7,120,8,0.0108,0.278,0.107,0.010,0.001,17.117,0.144,false,-,0.051,-,,200
250,7,120,8,0.0135,0.299,0.109,0.018,0.002,17.086,0.145,false,-,0.072,-,,200
300,7,120,8,0.0162,0.322,0.110,0.028,0.003,17.056,0.145,false,-,0.095,-,,200
350,7,120,8,0.0189,0.344,0.111,0.042,0.005,17.029,0.146,false,-,0.117,-,,200
400,7,120,8,0.0216,0.365,0.112,0.058,0.007,17.004,0.147,false,-,0.138,-,,200
450,7,120,8,0.0243,0.385,0.113,0.077,0.009,16.982,0.147,false,-,0.158,-,,200
500,7,120,8,0.0270,0.404,0.114,0.097,0.012,16.963,0.148,false,-,0.177,-,,200
0,15,15,8,0.0000,0.227,0.104,0.003,0.000,17.219,0.142,false,-,0.000,-,,200
50,15,15,8,0.0463,0.510,0.118,0.249,0.028,16.866,0.150,false,I,0.283,-,,200
100,15,15,8,0.0926,0.833,0.120,0.422,0.048,16.569,0.150,false,I,0.606,I,,200
150,15,15,8,0.1389,1.691,0.110,0.474,0.050,15.740,0.142,false,I,1.464,I,,200
200,15,15,8,0.1852,3.017,0.118,0.697,0.048,14.473,0.143,false,I,2.790,I,,200
250,15,15,8,0.2315,4.289,0.163,1.164,0.049,13.300,0.166,false,I,4.062,I,,200
300,15,15,8,0.2778,4.962,0.202,1.652,0.057,12.710,0.201,false,I,4.735,I,,200
350,15,15,8,0.3241,5.553,0.237,1.789,0.072,12.181,0.228,false,I,5.326,I,,200
400,15,15,8,0.3704,6.440,0.226,2.280,0.075,11.388,0.224,false,I,6.213,I,,200
450,15,15,8,0.4167,6.270,0.229,2.310,0.073,11.581,0.216,false,I,6.043,I,,200
500,15,15,8,0.4630,5.854,0.242,1.950,0.071,11.946,0.223,false,I,5.627,I,,200
0,15,30,8,0.0000,0.227,0.104,0.003,0.000,17.219,0.142,false,-,0.000,-,,200
50,15,30,8,0.0231,0.377,0.112,0.069,0.008,16.991,0.147,false,-,0.150,-,,200
100,15,30,8,0.0463,0.510,0.118,0.249,0.028,16.866,0.150,false,I,0.283,-,,200
150,15,30,8,0.0694,0.631,0.120,0.370,0.042,16.759,0.151,false,I,0.404,-,,200
200,15,30,8,0.0926,0.833,0.120,0.422,0.048,16.569,0.150,false,I,0.606,I,,200
250,15,30,8,0.1157,1.178,0.116,0.442,0.051,16.236,0.146,false,I,0.951,I,,200
300,15,30,8,0.1389,1.691,0.110,0.474,0.050,15.740,0.142,false,I,1.464,I,,200
350,15,30,8,0.1620,2.342,0.112,0.552,0.049,15.115,0.142,false,I,2.115,I,,200
400,15,30,8,0.1852,3.017,0.118,0.697,0.048,14.473,0.143,false,I,2.790,I,,200
450,15,30,8,0.2083,3.749,0.154,0.907,0.047,13.804,0.159,false,I,3.522,I,,200
500,15,30,8,0.2315,4.289,0.163,1.164,0.049,13.300,0.166,false,I,4.062,I,,200
0,15,60,8,0.0000,0.227,0.104,0.003,0.000,17.219,0.142,false,-,0.000,-,,200
50,15,60,8,0.0116,0.284,0.108,0.012,0.001,17.108,0.144,false,-,0.057,-,,200
100,15,60,8,0.0231,0.377,0.112,0.069,0.008,16.991,0.147,false,-,0.150,-,,200
150,15,60,8,0.0347,0.451,0.115,0.159,0.019,16.918,0.149,false,-,0.224,-,,200
200,15,60,8,0.0463,0.510,0.118,0.249,0.028,16.866,0.150,false,I,0.283,-,,200
250,15,60,8,0.0579,0.565,0.119,0.319,0.036,16.818,0.150,false,I,0.338,-,,200
300,15,60,8,0.0694,0.631,0.120,0.370,0.042,16.759,0.151,false,I,0.404,-,,200
350,15,60,8,0.0810,0.717,0.121,0.402,0.045,16.679,0.151,false,I,0.490,-,,200
400,15,60,8,0.0926,0.833,0.120,0.422,0.048,16.569,0.150,false,I,0.606,I,,200
450,15,60,8,0.1042,0.985,0.119,0.433,0.050,16.423,0.148,false,I,0.758,I,,200
500,15,60,8,0.1157,1.178,0.116,0.442,0.051,16.236,0.146,false,I,0.951,I,,200
0,15,120,8,0.0000,0.227,0.104,0.003,0.000,17.219,0.142,false,-,0.000,-,,200
50,15,120,8,0.0058,0.243,0.106,0.004,0.000,17.174,0.143,false,-,0.016,-,,200
100,15,120,8,0.0116,0.284,0.108,0.012,0.001,17.108,0.144,false,-,0.057,-,,200
150,15,120,8,0.0174,0.332,0.110,0.034,0.004,17.044,0.146,false,-,0.105,-,,200
200,15,120,8,0.0231,0.377,0.112,0.069,0.008,16.991,0.147,false,-,0.150,-,,200
250,15,120,8,0.0289,0.417,0.114,0.112,0.013,16.950,0.148,false,-,0.190,-,,200
300,15,120,8,0.0347,0.451,0.115,0.159,0.019,16.918,0.149,false,-,0.224,-,,200
350,15,120,8,0.0405,0.482,0.117,0.206,0.024,16.890,0.149,false,-,0.255,-,,200
400,15,120,8,0.0463,0.510,0.118,0.249,0.028,16.866,0.150,false,I,0.283,-,,200
450,15,120,8,0.0521,0.537,0.118,0.287,0.032,16.843,0.150,false,I,0.310,-,,200
500,15,120,8,0.0579,0.565,0.119,0.319,0.036,16.818,0.150,false,I,0.338,-,,200
0,28,15,8,0.0000,0.227,0.104,0.003,0.000,17.219,0.142,false,-,0.000,-,,200
50,28,15,8,0.0864,0.767,0.121,0.413,0.047,16.632,0.150,false,I,0.540,I,,200
100,28,15,8,0.1728,2.661,0.115,0.611,0.049,14.811,0.143,false,I,2.434,I,,200
150,28,15,8,0.2593,4.800,0.187,1.486,0.053,12.842,0.187,false,I,4.573,I,,200
200,28,15,8,0.3457,6.080,0.229,2.058,0.075,11.698,0.227,false,I,5.853,I,,200
250,28,15,8,0.4321,6.123,0.233,2.219,0.071,11.714,0.217,false,I,5.896,I,,200
300,28,15,8,0.5185,5.714,0.235,1.364,0.082,12.038,0.220,false,I,5.487,I,,200
350,28,15,8,0.6049,7.377,0.231,1.146,0.091,10.555,0.206,false,I,7.150,I,,200
400,28,15,8,0.6914,8.884,0.262,1.374,0.087,9.315,0.203,false,I,8.657,I,,200
450,28,15,8,0.7778,9.267,0.317,1.466,0.088,9.107,0.227,false,I,9.040,I,,200
500,28,15,8,0.8642,11.602,0.289,1.313,0.081,7.236,0.181,false,I,11.375,I,,200
0,28,30,8,0.0000,0.227,0.104,0.003,0.000,17.219,0.142,false,-,0.000,-,,200
50,28,30,8,0.0432,0.495,0.117,0.226,0.026,16.879,0.149,false,-,0.268,-,,200
100,28,30,8,0.0864,0.767,0.121,0.413,0.047,16.632,0.150,false,I,0.540,I,,200
150,28,30,8,0.1296,1.466,0.112,0.457,0.051,15.958,0.143,false,I,1.239,I,,200
200,28,30,8,0.1728,2.661,0.115,0.611,0.049,14.811,0.143,false,I,2.434,I,,200
250,28,30,8,0.2160,3.943,0.159,0.989,0.048,13.624,0.161,false,I,3.716,I,,200
300,28,30,8,0.2593,4.800,0.187,1.486,0.053,12.842,0.187,false,I,4.573,I,,200
350,28,30,8,0.3025,5.165,0.228,1.715,0.066,12.551,0.224,false,I,4.938,I,,200
400,28,30,8,0.3457,6.080,0.229,2.058,0.075,11.698,0.227,false,I,5.853,I,,200
450,28,30,8,0.3889,6.470,0.227,2.358,0.075,11.377,0.220,false,I,6.243,I,,200
500,28,30,8,0.4321,6.123,0.233,2.219,0.071,11.714,0.217,false,I,5.896,I,,200
0,28,60,8,0.0000,0.227,0.104,0.003,0.000,17.219,0.142,false,-,0.000,-,,200
50,28,60,8,0.0216,0.365,0.112,0.058,0.007,17.004,0.147,false,-,0.138,-,,200
100,28,60,8,0.0432,0.495,0.117,0.226,0.026,16.879,0.149,false,-,0.268,-,,200
150,28,60,8,0.0648,0.603,0.120,0.352,0.040,16.785,0.151,false,I,0.376,-,,200
200,28,60,8,0.0864,0.767,0.121,0.413,0.047,16.632,0.150,false,I,0.540,I,,200
250,28,60,8,0.1080,1.045,0.118,0.436,0.050,16.365,0.148,false,I,0.818,I,,200
300,28,60,8,0.1296,1.466,0.112,0.457,0.051,15.958,0.143,false,I,1.239,I,,200
350,28,60,8,0.1512,2.027,0.110,0.508,0.050,15.416,0.141,false,I,1.800,I,,200
400,28,60,8,0.1728,2.661,0.115,0.611,0.049,14.811,0.143,false,I,2.434,I,,200
450,28,60,8,0.1944,3.273,0.120,0.774,0.048,14.231,0.144,false,I,3.046,I,,200
500,28,60,8,0.2160,3.943,0.159,0.989,0.048,13.624,0.161,false,I,3.716,I,,200
0,28,120,8,0.0000,0.227,0.104,0.003,0.000,17.219,0.142,false,-,0.000,-,,200
50,28,120,8,0.0108,0.278,0.107,0.010,0.001,17.117,0.144,false,-,0.051,-,,200
100,28,120,8,0.0216,0.365,0.112,0.058,0.007,17.004,0.147,false,-,0.138,-,,200
150,28,120,8,0.0324,0.438,0.115,0.140,0.017,16.930,0.148,false,-,0.211,-,,200
200,28,120,8,0.0432,0.495,0.117,0.226,0.026,16.879,0.149,false,-,0.268,-,,200
250,28,120,8,0.0540,0.546,0.119,0.298,0.034,16.835,0.150,false,I,0.319,-,,200
300,28,120,8,0.0648,0.603,0.120,0.352,0.040,16.785,0.151,false,I,0.376,-,,200
350,28,120,8,0.0756,0.674,0.121,0.389,0.044,16.720,0.151,false,I,0.447,-,,200
400,28,120,8,0.0864,0.767,0.121,0.413,0.047,16.632,0.150,false,I,0.540,I,,200
450,28,120,8,0.0972,0.889,0.120,0.427,0.049,16.515,0.149,false,I,0.662,I,,200
500,28,120,8,0.1080,1.045,0.118,0.436,0.050,16.365,0.148,false,I,0.818,I,,200
0,3.5,15,16,0.0000,0.107,0.075,0.006,0.000,23.927,0.111,false,-,0.000,-,,200
50,3.5,15,16,0.0108,0.163,0.078,0.021,0.002,23.869,0.113,false,-,0.056,-,,200
100,3.5,15,16,0.0216,0.231,0.082,0.095,0.013,23.809,0.114,false,-,0.124,-,,200
150,3.5,15,16,0.0324,0.279,0.083,0.181,0.026,23.767,0.115,false,-,0.172,-,,200
200,3.5,15,16,0.0432,0.324,0.085,0.244,0.034,23.726,0.116,false,-,0.217,-,,200
250,3.5,15,16,0.0540,0.379,0.085,0.278,0.038,23.672,0.116,false,-,0.272,-,,200
300,3.5,15,16,0.0648,0.458,0.084,0.292,0.040,23.594,0.116,false,-,0.351,-,,200
350,3.5,15,16,0.0756,0.573,0.083,0.294,0.040,23.480,0.115,false,I,0.466,-,,200
400,3.5,15,16,0.0864,0.732,0.081,0.292,0.039,23.321,0.113,false,I,0.625,I,,200
450,3.5,15,16,0.0972,0.941,0.077,0.292,0.039,23.113,0.111,false,I,0.834,I,,200
500,3.5,15,16,0.1080,1.200,0.073,0.302,0.037,22.855,0.108,false,I,1.093,I,,200
0,3.5,30,16,0.0000,0.107,0.075,0.006,0.000,23.927,0.111,false,-,0.000,-,,200
50,3.5,30,16,0.0054,0.125,0.076,0.008,0.000,23.905,0.112,false,-,0.018,-,,200
100,3.5,30,16,0.0108,0.163,0.078,0.021,0.002,23.869,0.113,false,-,0.056,-,,200
150,3.5,30,16,0.0162,0.200,0.080,0.052,0.007,23.836,0.114,false,-,0.093,-,,200
200,3.5,30,16,0.0216,0.231,0.082,0.095,0.013,23.809,0.114,false,-,0.124,-,,200
250,3.5,30,16,0.0270,0.257,0.083,0.140,0.020,23.787,0.115,false,-,0.150,-,,200
300,3.5,30,16,0.0324,0.279,0.083,0.181,0.026,23.767,0.115,false,-,0.172,-,,200
350,3.5,30,16,0.0378,0.301,0.084,0.216,0.030,23.747,0.115,false,-,0.194,-,,200
400,3.5,30,16,0.0432,0.324,0.085,0.244,0.034,23.726,0.116,false,-,0.217,-,,200
450,3.5,30,16,0.0486,0.349,0.085,0.264,0.036,23.702,0.116,false,-,0.242,-,,200
500,3.5,30,16,0.0540,0.379,0.085,0.278,0.038,23.672,0.116,false,-,0.272,-,,200
0,3.5,60,16,0.0000,0.107,0.075,0.006,0.000,23.927,0.111,false,-,0.000,-,,200
50,3.5,60,16,0.0027,0.113,0.075,0.007,0.000,23.919,0.111,false,-,0.006,-,,200
100,3.5,60,16,0.0054,0.125,0.076,0.008,0.000,23.905,0.112,false,-,0.018,-,,200
150,3.5,60,16,0.0081,0.143,0.077,0.013,0.001,23.887,0.113,false,-,0.036,-,,200
200,3.5,60,16,0.0108,0.163,0.078,0.021,0.002,23.869,0.113,false,-,0.056,-,,200
250,3.5,60,16,0.0135,0.182,0.079,0.035,0.004,23.852,0.114,false,-,0.075,-,,200
300,3.5,60,16,0.0162,0.200,0.080,0.052,0.007,23.836,0.114,false,-,0.093,-,,200
350,3.5,60,16,0.0189,0.217,0.081,0.073,0.010,23.822,0.114,false,-,0.110,-,,200
400,3.5,60,16,0.0216,0.231,0.082,0.095,0.013,23.809,0.114,false,-,0.124,-,,200
450,3.5,60,16,0.0243,0.245,0.082,0.118,0.017,23.798,0.115,false,-,0.138,-,,200
500,3.5,60,16,0.0270,0.257,0.083,0.140,0.020,23.787,0.115,false,-,0.150,-,,200
0,3.5,120,16,0.0000,0.107,0.075,0.006,0.000,23.927,0.111,false,-,0.000,-,,200
50,3.5,120,16,0.0014,0.109,0.075,0.007,0.000,23.924,0.111,false,-,0.002,-,,200
100,3.5,120,16,0.0027,0.113,0.075,0.007,0.000,23.919,0.111,false,-,0.006,-,,200
150,3.5,120,16,0.0041,0.118,0.076,0.007,0.000,23.913,0.112,false,-,0.011,-,,200
200,3.5,120,16,0.0054,0.125,0.076,0.008,0.000,23.905,0.112,false,-,0.018,-,,200
250,3.5,120,16,0.0068,0.134,0.076,0.010,0.001,23.896,0.112,false,-,0.027,-,,200
300,3.5,120,16,0.0081,0.143,0.077,0.013,0.001,23.887,0.113,false,-,0.036,-,,200
350,3.5,120,16,0.0095,0.153,0.078,0.016,0.002,23.878,0.113,false,-,0.046,-,,200
400,3.5,120,16,0.0108,0.163,0.078,0.021,0.002,23.869,0.113,false,-,0.056,-,,200
450,3.5,120,16,0.0122,0.173,0.079,0.028,0.003,23.860,0.113,false,-,0.066,-,,200
500,3.5,120,16,0.0135,0.182,0.079,0.035,0.004,23.852,0.114,false,-,0.075,-,,200
0,7,15,16,0.0000,0.107,0.075,0.006,0.000,23.927,0.111,false,-,0.000,-,,200
50,7,15,16,0.0216,0.231,0.082,0.095,0.013,23.809,0.114,false,-,0.124,-,,200
100,7,15,16,0.0432,0.324,0.085,0.244,0.034,23.726,0.116,false,-,0.217,-,,200
150,7,15,16,0.0648,0.458,0.084,0.292,0.040,23.594,0.116,false,-,0.351,-,,200
200,7,15,16,0.0864,0.732,0.081,0.292,0.039,23.321,0.113,false,I,0.625,I,,200
250,7,15,16,0.1080,1.200,0.073,0.302,0.037,22.855,0.108,false,I,1.093,I,,200
300,7,15,16,0.1296,1.843,0.064,0.376,0.034,22.217,0.101,false,I,1.736,I,,200
350,7,15,16,0.1512,2.580,0.063,0.554,0.032,21.486,0.099,false,I,2.473,I,,200
400,7,15,16,0.1728,3.298,0.075,0.846,0.030,20.775,0.105,false,I,3.191,I,,200
450,7,15,16,0.1944,3.961,0.100,1.232,0.032,20.120,0.118,false,I,3.854,I,,200
500,7,15,16,0.2160,4.537,0.136,1.671,0.037,19.560,0.144,false,I,4.430,I,,200
0,7,30,16,0.0000,0.107,0.075,0.006,0.000,23.927,0.111,false,-,0.000,-,,200
50,7,30,16,0.0108,0.163,0.078,0.021,0.002,23.869,0.113,false,-,0.056,-,,200
100,7,30,16,0.0216,0.231,0.082,0.095,0.013,23.809,0.114,false,-,0.124,-,,200
150,7,30,16,0.0324,0.279,0.083,0.181,0.026,23.767,0.115,false,-,0.172,-,,200
200,7,30,16,0.0432,0.324,0.085,0.244,0.034,23.726,0.116,false,-,0.217,-,,200
250,7,30,16,0.0540,0.379,0.085,0.278,0.038,23.672,0.116,false,-,0.272,-,,200
300,7,30,16,0.0648,0.458,0.084,0.292,0.040,23.594,0.116,false,-,0.351,-,,200
350,7,30,16,0.0756,0.573,0.083,0.294,0.040,23.480,0.115,false,I,0.466,-,,200
400,7,30,16,0.0864,0.732,0.081,0.292,0.039,23.321,0.113,false,I,0.625,I,,200
450,7,30,16,0.0972,0.941,0.077,0.292,0.039,23.113,0.111,false,I,0.834,I,,200
500,7,30,16,0.1080,1.200,0.073,0.302,0.037,22.855,0.108,false,I,1.093,I,,200
0,7,60,16,0.0000,0.107,0.075,0.006,0.000,23.927,0.111,false,-,0.000,-,,200
50,7,60,16,0.0054,0.125,0.076,0.008,0.000,23.905,0.112,false,-,0.018,-,,200
100,7,60,16,0.0108,0.163,0.078,0.021,0.002,23.869,0.113,false,-,0.056,-,,200
150,7,60,16,0.0162,0.200,0.080,0.052,0.007,23.836,0.114,false,-,0.093,-,,200
200,7,60,16,0.0216,0.231,0.082,0.095,0.013,23.809,0.114,false,-,0.124,-,,200
250,7,60,16,0.0270,0.257,0.083,0.140,0.020,23.787,0.115,false,-,0.150,-,,200
300,7,60,16,0.0324,0.279,0.083,0.181,0.026,23.767,0.115,false,-,0.172,-,,200
350,7,60,16,0.0378,0.301,0.084,0.216,0.030,23.747,0.115,false,-,0.194,-,,200
400,7,60,16,0.0432,0.324,0.085,0.244,0.034,23.726,0.116,false,-,0.217,-,,200
450,7,60,16,0.0486,0.349,0.085,0.264,0.036,23.702,0.116,false,-,0.242,-,,200
500,7,60,16,0.0540,0.379,0.085,0.278,0.038,23.672,0.116,false,-,0.272,-,,200
0,7,120,16,0.0000,0.107,0.075,0.006,0.000,23.927,0.111,false,-,0.000,-,,200
50,7,120,16,0.0027,0.113,0.075,0.007,0.000,23.919,0.111,false,-,0.006,-,,200
100,7,120,16,0.0054,0.125,0.076,0.008,0.000,23.905,0.112,false,-,0.018,-,,200
150,7,120,16,0.0081,0.143,0.077,0.013,0.001,23.887,0.113,false,-,0.036,-,,200
200,7,120,16,0.0108,0.163,0.078,0.021,0.002,23.869,0.113,false,-,0.056,-,,200
250,7,120,16,0.0135,0.182,0.079,0.035,0.004,23.852,0.114,false,-,0.075,-,,200
300,7,120,16,0.0162,0.200,0.080,0.052,0.007,23.836,0.114,false,-,0.093,-,,200
350,7,120,16,0.0189,0.217,0.081,0.073,0.010,23.822,0.114,false,-,0.110,-,,200
400,7,120,16,0.0216,0.231,0.082,0.095,0.013,23.809,0.114,false,-,0.124,-,,200
450,7,120,16,0.0243,0.245,0.082,0.118,0.017,23.798,0.115,false,-,0.138,-,,200
500,7,120,16,0.0270,0.257,0.083,0.140,0.020,23.787,0.115,false,-,0.150,-,,200
0,15,15,16,0.0000,0.107,0.075,0.006,0.000,23.927,0.111,false,-,0.000,-,,200
50,15,15,16,0.0463,0.338,0.085,0.256,0.035,23.713,0.116,false,-,0.231,-,,200
100,15,15,16,0.0926,0.845,0.079,0.291,0.039,23.209,0.112,false,I,0.738,I,,200
150,15,15,16,0.1389,2.153,0.062,0.438,0.033,21.909,0.099,false,I,2.046,I,,200
200,15,15,16,0.1852,3.675,0.084,1.057,0.031,20.402,0.109,false,I,3.568,I,,200
250,15,15,16,0.2315,4.799,0.150,1.975,0.041,19.308,0.155,false,I,4.692,I,,200
300,15,15,16,0.2778,4.892,0.199,2.359,0.064,19.238,0.199,false,I,4.785,I,,200
350,15,15,16,0.3241,5.119,0.224,1.912,0.084,19.032,0.220,false,I,5.012,I,,200
400,15,15,16,0.3704,6.459,0.200,2.721,0.066,17.706,0.194,false,I,6.352,I,,200
450,15,15,16,0.4167,5.940,0.208,2.392,0.061,18.212,0.198,false,I,5.833,I,,200
500,15,15,16,0.4630,5.273,0.218,1.684,0.064,18.866,0.207,false,I,5.166,I,,200
0,15,30,16,0.0000,0.107,0.075,0.006,0.000,23.927,0.111,false,-,0.000,-,,200
50,15,30,16,0.0231,0.239,0.082,0.108,0.015,23.802,0.114,false,-,0.132,-,,200
100,15,30,16,0.0463,0.338,0.085,0.256,0.035,23.713,0.116,false,-,0.231,-,,200
150,15,30,16,0.0694,0.502,0.084,0.294,0.040,23.550,0.115,false,I,0.395,-,,200
200,15,30,16,0.0926,0.845,0.079,0.291,0.039,23.209,0.112,false,I,0.738,I,,200
250,15,30,16,0.1157,1.413,0.070,0.318,0.036,22.644,0.105,false,I,1.306,I,,200
300,15,30,16,0.1389,2.153,0.062,0.438,0.033,21.909,0.099,false,I,2.046,I,,200
350,15,30,16,0.1620,2.949,0.068,0.686,0.030,21.121,0.101,false,I,2.842,I,,200
400,15,30,16,0.1852,3.675,0.084,1.057,0.031,20.402,0.109,false,I,3.568,I,,200
450,15,30,16,0.2083,4.359,0.124,1.516,0.035,19.732,0.135,false,I,4.252,I,,200
500,15,30,16,0.2315,4.799,0.150,1.975,0.041,19.308,0.155,false,I,4.692,I,,200
0,15,60,16,0.0000,0.107,0.075,0.006,0.000,23.927,0.111,false,-,0.000,-,,200
50,15,60,16,0.0116,0.169,0.078,0.025,0.003,23.864,0.113,false,-,0.062,-,,200
100,15,60,16,0.0231,0.239,0.082,0.108,0.015,23.802,0.114,false,-,0.132,-,,200
150,15,60,16,0.0347,0.289,0.084,0.197,0.028,23.759,0.115,false,-,0.182,-,,200
200,15,60,16,0.0463,0.338,0.085,0.256,0.035,23.713,0.116,false,-,0.231,-,,200
250,15,60,16,0.0579,0.404,0.085,0.285,0.039,23.648,0.116,false,-,0.297,-,,200
300,15,60,16,0.0694,0.502,0.084,0.294,0.040,23.550,0.115,false,I,0.395,-,,200
350,15,60,16,0.0810,0.646,0.082,0.293,0.040,23.407,0.114,false,I,0.539,I,,200
400,15,60,16,0.0926,0.845,0.079,0.291,0.039,23.209,0.112,false,I,0.738,I,,200
450,15,60,16,0.1042,1.102,0.075,0.297,0.038,22.953,0.109,false,I,0.995,I,,200
500,15,60,16,0.1157,1.413,0.070,0.318,0.036,22.644,0.105,false,I,1.306,I,,200
0,15,120,16,0.0000,0.107,0.075,0.006,0.000,23.927,0.111,false,-,0.000,-,,200
50,15,120,16,0.0058,0.128,0.076,0.008,0.000,23.903,0.112,false,-,0.021,-,,200
100,15,120,16,0.0116,0.169,0.078,0.025,0.003,23.864,0.113,false,-,0.062,-,,200
150,15,120,16,0.0174,0.207,0.080,0.061,0.008,23.830,0.114,false,-,0.100,-,,200
200,15,120,16,0.0231,0.239,0.082,0.108,0.015,23.802,0.114,false,-,0.132,-,,200
250,15,120,16,0.0289,0.265,0.083,0.155,0.022,23.780,0.115,false,-,0.158,-,,200
300,15,120,16,0.0347,0.289,0.084,0.197,0.028,23.759,0.115,false,-,0.182,-,,200
350,15,120,16,0.0405,0.312,0.084,0.231,0.032,23.737,0.116,false,-,0.205,-,,200
400,15,120,16,0.0463,0.338,0.085,0.256,0.035,23.713,0.116,false,-,0.231,-,,200
450,15,120,16,0.0521,0.368,0.085,0.273,0.037,23.683,0.116,false,-,0.261,-,,200
500,15,120,16,0.0579,0.404,0.085,0.285,0.039,23.648,0.116,false,-,0.297,-,,200
0,28,15,16,0.0000,0.107,0.075,0.006,0.000,23.927,0.111,false,-,0.000,-,,200
50,28,15,16,0.0864,0.732,0.081,0.292,0.039,23.321,0.113,false,I,0.625,I,,200
100,28,15,16,0.1728,3.298,0.075,0.846,0.030,20.775,0.105,false,I,3.191,I,,200
150,28,15,16,0.2593,4.986,0.179,2.347,0.053,19.135,0.181,false,I,4.879,I,,200
200,28,15,16,0.3457,6.055,0.208,2.506,0.073,18.113,0.200,false,I,5.948,I,,200
250,28,15,16,0.4321,5.668,0.210,2.177,0.061,18.477,0.200,false,I,5.561,I,,200
300,28,15,16,0.5185,5.499,0.206,0.912,0.072,18.631,0.200,false,I,5.392,I,,200
350,28,15,16,0.6049,7.929,0.159,0.657,0.063,16.244,0.163,false,I,7.822,I,,200
400,28,15,16,0.6914,9.120,0.196,0.882,0.059,15.125,0.187,false,I,9.013,I,,200
450,28,15,16,0.7778,8.432,0.264,0.870,0.054,15.840,0.239,false,I,8.325,I,,200
500,28,15,16,0.8642,11.751,0.225,1.388,0.050,12.707,0.190,false,I,11.644,I,,200
0,28,30,16,0.0000,0.107,0.075,0.006,0.000,23.927,0.111,false,-,0.000,-,,200
50,28,30,16,0.0432,0.324,0.085,0.244,0.034,23.726,0.116,false,-,0.217,-,,200
100,28,30,16,0.0864,0.732,0.081,0.292,0.039,23.321,0.113,false,I,0.625,I,,200
150,28,30,16,0.1296,1.843,0.064,0.376,0.034,22.217,0.101,false,I,1.736,I,,200
200,28,30,16,0.1728,3.298,0.075,0.846,0.030,20.775,0.105,false,I,3.191,I,,200
250,28,30,16,0.2160,4.537,0.136,1.671,0.037,19.560,0.144,false,I,4.430,I,,200
300,28,30,16,0.2593,4.986,0.179,2.347,0.053,19.135,0.181,false,I,4.879,I,,200
350,28,30,16,0.3025,4.724,0.221,1.973,0.083,19.418,0.217,false,I,4.617,I,,200
400,28,30,16,0.3457,6.055,0.208,2.506,0.073,18.113,0.200,false,I,5.948,I,,200
450,28,30,16,0.3889,6.371,0.204,2.679,0.064,17.791,0.195,false,I,6.264,I,,200
500,28,30,16,0.4321,5.668,0.210,2.177,0.061,18.477,0.200,false,I,5.561,I,,200
0,28,60,16,0.0000,0.107,0.075,0.006,0.000,23.927,0.111,false,-,0.000,-,,200
50,28,60,16,0.0216,0.231,0.082,0.095,0.013,23.809,0.114,false,-,0.124,-,,200
100,28,60,16,0.0432,0.324,0.085,0.244,0.034,23.726,0.116,false,-,0.217,-,,200
150,28,60,16,0.0648,0.458,0.084,0.292,0.040,23.594,0.116,false,-,0.351,-,,200
200,28,60,16,0.0864,0.732,0.081,0.292,0.039,23.321,0.113,false,I,0.625,I,,200
250,28,60,16,0.1080,1.200,0.073,0.302,0.037,22.855,0.108,false,I,1.093,I,,200
300,28,60,16,0.1296,1.843,0.064,0.376,0.034,22.217,0.101,false,I,1.736,I,,200
350,28,60,16,0.1512,2.580,0.063,0.554,0.032,21.486,0.099,false,I,2.473,I,,200
400,28,60,16,0.1728,3.298,0.075,0.846,0.030,20.775,0.105,false,I,3.191,I,,200
450,28,60,16,0.1944,3.961,0.100,1.232,0.032,20.120,0.118,false,I,3.854,I,,200
500,28,60,16,0.2160,4.537,0.136,1.671,0.037,19.560,0.144,false,I,4.430,I,,200
0,28,120,16,0.0000,0.107,0.075,0.006,0.000,23.927,0.111,false,-,0.000,-,,200
50,28,120,16,0.0108,0.163,0.078,0.021,0.002,23.869,0.113,false,-,0.056,-,,200
100,28,120,16,0.0216,0.231,0.082,0.095,0.013,23.809,0.114,false,-,0.124,-,,200
150,28,120,16,0.0324,0.279,0.083,0.181,0.026,23.767,0.115,false,-,0.172,-,,200
200,28,120,16,0.0432,0.324,0.085,0.244,0.034,23.726,0.116,false,-,0.217,-,,200
250,28,120,16,0.0540,0.379,0.085,0.278,0.038,23.672,0.116,false,-,0.272,-,,200
300,28,120,16,0.0648,0.458,0.084,0.292,0.040,23.594,0.116,false,-,0.351,-,,200
350,28,120,16,0.0756,0.573,0.083,0.294,0.040,23.480,0.115,false,I,0.466,-,,200
400,28,120,16,0.0864,0.732,0.081,0.292,0.039,23.321,0.113,false,I,0.625,I,,200
450,28,120,16,0.0972,0.941,0.077,0.292,0.039,23.113,0.111,false,I,0.834,I,,200
500,28,120,16,0.1080,1.200,0.073,0.302,0.037,22.855,0.108,false,I,1.093,I,,200
