# Critical points where L_est_naive = L_ICI_net (linear interpolation; log2 axis for Nr; empty = no sign change inside the grid Nr 2..16 / SNR 10..30 dB); informational
# axis = Nr: critical Nr for the given SNR; axis = SNR: critical SNR [dB] for the given Nr; excluded = 1: eps_max > 0.5 (left out of the counts); v = 0 is skipped (L_ICI_net = 0)
axis,fc_GHz,df_kHz,v_kmh,snr_db,Nr,critical_value,excluded
Nr,3.5,15,50,10,,,0
Nr,3.5,15,50,20,,,0
Nr,3.5,15,50,30,,,0
SNR,3.5,15,50,,2,,0
SNR,3.5,15,50,,4,,0
SNR,3.5,15,50,,8,,0
SNR,3.5,15,50,,16,,0
Nr,3.5,15,100,10,,,0
Nr,3.5,15,100,20,,,0
Nr,3.5,15,100,30,,,0
SNR,3.5,15,100,,2,,0
SNR,3.5,15,100,,4,,0
SNR,3.5,15,100,,8,,0
SNR,3.5,15,100,,16,,0
Nr,3.5,15,150,10,,,0
Nr,3.5,15,150,20,,,0
Nr,3.5,15,150,30,,,0
SNR,3.5,15,150,,2,,0
SNR,3.5,15,150,,4,,0
SNR,3.5,15,150,,8,,0
SNR,3.5,15,150,,16,,0
Nr,3.5,15,200,10,,,0
Nr,3.5,15,200,20,,,0
Nr,3.5,15,200,30,,,0
SNR,3.5,15,200,,2,,0
SNR,3.5,15,200,,4,,0
SNR,3.5,15,200,,8,,0
SNR,3.5,15,200,,16,,0
Nr,3.5,15,250,10,,,0
Nr,3.5,15,250,20,,,0
Nr,3.5,15,250,30,,,0
SNR,3.5,15,250,,2,,0
SNR,3.5,15,250,,4,,0
SNR,3.5,15,250,,8,,0
SNR,3.5,15,250,,16,,0
Nr,3.5,15,300,10,,,0
Nr,3.5,15,300,20,,,0
Nr,3.5,15,300,30,,,0
SNR,3.5,15,300,,2,,0
SNR,3.5,15,300,,4,,0
SNR,3.5,15,300,,8,,0
SNR,3.5,15,300,,16,,0
Nr,3.5,15,350,10,,,0
Nr,3.5,15,350,20,,,0
Nr,3.5,15,350,30,,,0
SNR,3.5,15,350,,2,,0
SNR,3.5,15,350,,4,,0
SNR,3.5,15,350,,8,,0
SNR,3.5,15,350,,16,,0
Nr,3.5,15,400,10,,,0
Nr,3.5,15,400,20,,,0
Nr,3.5,15,400,30,,,0
SNR,3.5,15,400,,2,,0
SNR,3.5,15,400,,4,,0
SNR,3.5,15,400,,8,,0
SNR,3.5,15,400,,16,,0
Nr,3.5,15,450,10,,,0
Nr,3.5,15,450,20,,,0
Nr,3.5,15,450,30,,,0
SNR,3.5,15,450,,2,,0
SNR,3.5,15,450,,4,,0
SNR,3.5,15,450,,8,,0
SNR,3.5,15,450,,16,,0
Nr,3.5,15,500,10,,,0
Nr,3.5,15,500,20,,,0
Nr,3.5,15,500,30,,,0
SNR,3.5,15,500,,2,,0
SNR,3.5,15,500,,4,,0
SNR,3.5,15,500,,8,,0
SNR,3.5,15,500,,16,,0
Nr,3.5,30,50,10,,,0
Nr,3.5,30,50,20,,,0
Nr,3.5,30,50,30,,,0
SNR,3.5,30,50,,2,,0
SNR,3.5,30,50,,4,,0
SNR,3.5,30,50,,8,,0
SNR,3.5,30,50,,16,,0
Nr,3.5,30,100,10,,,0
Nr,3.5,30,100,20,,,0
Nr,3.5,30,100,30,,,0
SNR,3.5,30,100,,2,,0
SNR,3.5,30,100,,4,,0
SNR,3.5,30,100,,8,,0
SNR,3.5,30,100,,16,,0
Nr,3.5,30,150,10,,,0
Nr,3.5,30,150,20,,,0
Nr,3.5,30,150,30,,,0
SNR,3.5,30,150,,2,,0
SNR,3.5,30,150,,4,,0
SNR,3.5,30,150,,8,,0
SNR,3.5,30,150,,16,,0
Nr,3.5,30,200,10,,,0
Nr,3.5,30,200,20,,,0
Nr,3.5,30,200,30,,,0
SNR,3.5,30,200,,2,,0
SNR,3.5,30,200,,4,,0
SNR,3.5,30,200,,8,,0
SNR,3.5,30,200,,16,,0
Nr,3.5,30,250,10,,,0
Nr,3.5,30,250,20,,,0
Nr,3.5,30,250,30,,,0
SNR,3.5,30,250,,2,,0
SNR,3.5,30,250,,4,,0
SNR,3.5,30,250,,8,,0
SNR,3.5,30,250,,16,,0
Nr,3.5,30,300,10,,,0
Nr,3.5,30,300,20,,,0
Nr,3.5,30,300,30,,,0
SNR,3.5,30,300,,2,,0
SNR,3.5,30,300,,4,,0
SNR,3.5,30,300,,8,,0
SNR,3.5,30,300,,16,,0
Nr,3.5,30,350,10,,,0
Nr,3.5,30,350,20,,,0
Nr,3.5,30,350,30,,,0
SNR,3.5,30,350,,2,,0
SNR,3.5,30,350,,4,,0
SNR,3.5,30,350,,8,,0
SNR,3.5,30,350,,16,,0
Nr,3.5,30,400,10,,,0
Nr,3.5,30,400,20,,,0
Nr,3.5,30,400,30,,,0
SNR,3.5,30,400,,2,,0
SNR,3.5,30,400,,4,,0
SNR,3.5,30,400,,8,,0
SNR,3.5,30,400,,16,,0
Nr,3.5,30,450,10,,,0
Nr,3.5,30,450,20,,,0
Nr,3.5,30,450,30,,,0
SNR,3.5,30,450,,2,,0
SNR,3.5,30,450,,4,,0
SNR,3.5,30,450,,8,,0
SNR,3.5,30,450,,16,,0
Nr,3.5,30,500,10,,,0
Nr,3.5,30,500,20,,,0
Nr,3.5,30,500,30,,,0
SNR,3.5,30,500,,2,,0
SNR,3.5,30,500,,4,,0
SNR,3.5,30,500,,8,,0
SNR,3.5,30,500,,16,,0
Nr,3.5,60,50,10,,,0
Nr,3.5,60,50,20,,,0
Nr,3.5,60,50,30,,,0
SNR,3.5,60,50,,2,,0
SNR,3.5,60,50,,4,,0
SNR,3.5,60,50,,8,,0
SNR,3.5,60,50,,16,,0
Nr,3.5,60,100,10,,,0
Nr,3.5,60,100,20,,,0
Nr,3.5,60,100,30,,,0
SNR,3.5,60,100,,2,,0
SNR,3.5,60,100,,4,,0
SNR,3.5,60,100,,8,,0
SNR,3.5,60,100,,16,,0
Nr,3.5,60,150,10,,,0
Nr,3.5,60,150,20,,,0
Nr,3.5,60,150,30,,,0
SNR,3.5,60,150,,2,,0
SNR,3.5,60,150,,4,,0
SNR,3.5,60,150,,8,,0
SNR,3.5,60,150,,16,,0
Nr,3.5,60,200,10,,,0
Nr,3.5,60,200,20,,,0
Nr,3.5,60,200,30,,,0
SNR,3.5,60,200,,2,,0
SNR,3.5,60,200,,4,,0
SNR,3.5,60,200,,8,,0
SNR,3.5,60,200,,16,,0
Nr,3.5,60,250,10,,,0
Nr,3.5,60,250,20,,,0
Nr,3.5,60,250,30,,,0
SNR,3.5,60,250,,2,,0
SNR,3.5,60,250,,4,,0
SNR,3.5,60,250,,8,,0
SNR,3.5,60,250,,16,,0
Nr,3.5,60,300,10,,,0
Nr,3.5,60,300,20,,,0
Nr,3.5,60,300,30,,,0
SNR,3.5,60,300,,2,,0
SNR,3.5,60,300,,4,,0
SNR,3.5,60,300,,8,,0
SNR,3.5,60,300,,16,,0
Nr,3.5,60,350,10,,,0
Nr,3.5,60,350,20,,,0
Nr,3.5,60,350,30,,,0
SNR,3.5,60,350,,2,,0
SNR,3.5,60,350,,4,,0
SNR,3.5,60,350,,8,,0
SNR,3.5,60,350,,16,,0
Nr,3.5,60,400,10,,,0
Nr,3.5,60,400,20,,,0
Nr,3.5,60,400,30,,,0
SNR,3.5,60,400,,2,,0
SNR,3.5,60,400,,4,,0
SNR,3.5,60,400,,8,,0
SNR,3.5,60,400,,16,,0
Nr,3.5,60,450,10,,,0
Nr,3.5,60,450,20,,,0
Nr,3.5,60,450,30,,,0
SNR,3.5,60,450,,2,,0
SNR,3.5,60,450,,4,,0
SNR,3.5,60,450,,8,,0
SNR,3.5,60,450,,16,,0
Nr,3.5,60,500,10,,,0
Nr,3.5,60,500,20,,,0
Nr,3.5,60,500,30,,,0
SNR,3.5,60,500,,2,,0
SNR,3.5,60,500,,4,,0
SNR,3.5,60,500,,8,,0
SNR,3.5,60,500,,16,,0
Nr,3.5,120,50,10,,,0
Nr,3.5,120,50,20,,,0
Nr,3.5,120,50,30,,,0
SNR,3.5,120,50,,2,,0
SNR,3.5,120,50,,4,,0
SNR,3.5,120,50,,8,,0
SNR,3.5,120,50,,16,,0
Nr,3.5,120,100,10,,,0
Nr,3.5,120,100,20,,,0
Nr,3.5,120,100,30,,,0
SNR,3.5,120,100,,2,,0
SNR,3.5,120,100,,4,,0
SNR,3.5,120,100,,8,,0
SNR,3.5,120,100,,16,,0
Nr,3.5,120,150,10,,,0
Nr,3.5,120,150,20,,,0
Nr,3.5,120,150,30,,,0
SNR,3.5,120,150,,2,,0
SNR,3.5,120,150,,4,,0
SNR,3.5,120,150,,8,,0
SNR,3.5,120,150,,16,,0
Nr,3.5,120,200,10,,,0
Nr,3.5,120,200,20,,,0
Nr,3.5,120,200,30,,,0
SNR,3.5,120,200,,2,,0
SNR,3.5,120,200,,4,,0
SNR,3.5,120,200,,8,,0
SNR,3.5,120,200,,16,,0
Nr,3.5,120,250,10,,,0
Nr,3.5,120,250,20,,,0
Nr,3.5,120,250,30,,,0
SNR,3.5,120,250,,2,,0
SNR,3.5,120,250,,4,,0
SNR,3.5,120,250,,8,,0
SNR,3.5,120,250,,16,,0
Nr,3.5,120,300,10,,,0
Nr,3.5,120,300,20,,,0
Nr,3.5,120,300,30,,,0
SNR,3.5,120,300,,2,,0
SNR,3.5,120,300,,4,,0
SNR,3.5,120,300,,8,,0
SNR,3.5,120,300,,16,,0
Nr,3.5,120,350,10,,,0
Nr,3.5,120,350,20,,,0
Nr,3.5,120,350,30,,,0
SNR,3.5,120,350,,2,,0
SNR,3.5,120,350,,4,,0
SNR,3.5,120,350,,8,,0
SNR,3.5,120,350,,16,,0
Nr,3.5,120,400,10,,,0
Nr,3.5,120,400,20,,,0
Nr,3.5,120,400,30,,,0
SNR,3.5,120,400,,2,,0
SNR,3.5,120,400,,4,,0
SNR,3.5,120,400,,8,,0
SNR,3.5,120,400,,16,,0
Nr,3.5,120,450,10,,,0
Nr,3.5,120,450,20,,,0
Nr,3.5,120,450,30,,,0
SNR,3.5,120,450,,2,,0
SNR,3.5,120,450,,4,,0
SNR,3.5,120,450,,8,,0
SNR,3.5,120,450,,16,,0
Nr,3.5,120,500,10,,,0
Nr,3.5,120,500,20,,,0
Nr,3.5,120,500,30,,,0
SNR,3.5,120,500,,2,,0
SNR,3.5,120,500,,4,,0
SNR,3.5,120,500,,8,,0
SNR,3.5,120,500,,16,,0
Nr,7,15,50,10,,,0
Nr,7,15,50,20,,,0
Nr,7,15,50,30,,,0
SNR,7,15,50,,2,,0
SNR,7,15,50,,4,,0
SNR,7,15,50,,8,,0
SNR,7,15,50,,16,,0
Nr,7,15,100,10,,,0
Nr,7,15,100,20,,,0
Nr,7,15,100,30,,,0
SNR,7,15,100,,2,,0
SNR,7,15,100,,4,,0
SNR,7,15,100,,8,,0
SNR,7,15,100,,16,,0
Nr,7,15,150,10,,,0
Nr,7,15,150,20,,,0
Nr,7,15,150,30,,,0
SNR,7,15,150,,2,,0
SNR,7,15,150,,4,,0
SNR,7,15,150,,8,,0
SNR,7,15,150,,16,,0
Nr,7,15,200,10,,,0
Nr,7,15,200,20,,,0
Nr,7,15,200,30,,,0
SNR,7,15,200,,2,,0
SNR,7,15,200,,4,,0
SNR,7,15,200,,8,,0
SNR,7,15,200,,16,,0
Nr,7,15,250,10,,,0
Nr,7,15,250,20,,,0
Nr,7,15,250,30,,,0
SNR,7,15,250,,2,,0
SNR,7,15,250,,4,,0
SNR,7,15,250,,8,,0
SNR,7,15,250,,16,,0
Nr,7,15,300,10,,2.03,0
Nr,7,15,300,20,,,0
Nr,7,15,300,30,,,0
SNR,7,15,300,,2,10.91,0
SNR,7,15,300,,4,,0
SNR,7,15,300,,8,,0
SNR,7,15,300,,16,,0
Nr,7,15,350,10,,2.16,0
Nr,7,15,350,20,,,0
Nr,7,15,350,30,,,0
SNR,7,15,350,,2,18.88,0
SNR,7,15,350,,4,,0
SNR,7,15,350,,8,,0
SNR,7,15,350,,16,,0
Nr,7,15,400,10,,2.31,0
Nr,7,15,400,20,,2.13,0
Nr,7,15,400,30,,2.11,0
SNR,7,15,400,,2,,0
SNR,7,15,400,,4,,0
SNR,7,15,400,,8,,0
SNR,7,15,400,,16,,0
Nr,7,15,450,10,,2.50,0
Nr,7,15,450,20,,2.31,0
Nr,7,15,450,30,,2.41,0
SNR,7,15,450,,2,,0
SNR,7,15,450,,4,,0
SNR,7,15,450,,8,,0
SNR,7,15,450,,16,,0
Nr,7,15,500,10,,2.75,0
Nr,7,15,500,20,,2.55,0
Nr,7,15,500,30,,2.71,0
SNR,7,15,500,,2,,0
SNR,7,15,500,,4,,0
SNR,7,15,500,,8,,0
SNR,7,15,500,,16,,0
Nr,7,30,50,10,,,0
Nr,7,30,50,20,,,0
Nr,7,30,50,30,,,0
SNR,7,30,50,,2,,0
SNR,7,30,50,,4,,0
SNR,7,30,50,,8,,0
SNR,7,30,50,,16,,0
Nr,7,30,100,10,,,0
Nr,7,30,100,20,,,0
Nr,7,30,100,30,,,0
SNR,7,30,100,,2,,0
SNR,7,30,100,,4,,0
SNR,7,30,100,,8,,0
SNR,7,30,100,,16,,0
Nr,7,30,150,10,,,0
Nr,7,30,150,20,,,0
Nr,7,30,150,30,,,0
SNR,7,30,150,,2,,0
SNR,7,30,150,,4,,0
SNR,7,30,150,,8,,0
SNR,7,30,150,,16,,0
Nr,7,30,200,10,,,0
Nr,7,30,200,20,,,0
Nr,7,30,200,30,,,0
SNR,7,30,200,,2,,0
SNR,7,30,200,,4,,0
SNR,7,30,200,,8,,0
SNR,7,30,200,,16,,0
Nr,7,30,250,10,,,0
Nr,7,30,250,20,,,0
Nr,7,30,250,30,,,0
SNR,7,30,250,,2,,0
SNR,7,30,250,,4,,0
SNR,7,30,250,,8,,0
SNR,7,30,250,,16,,0
Nr,7,30,300,10,,,0
Nr,7,30,300,20,,,0
Nr,7,30,300,30,,,0
SNR,7,30,300,,2,,0
SNR,7,30,300,,4,,0
SNR,7,30,300,,8,,0
SNR,7,30,300,,16,,0
Nr,7,30,350,10,,,0
Nr,7,30,350,20,,,0
Nr,7,30,350,30,,,0
SNR,7,30,350,,2,,0
SNR,7,30,350,,4,,0
SNR,7,30,350,,8,,0
SNR,7,30,350,,16,,0
Nr,7,30,400,10,,,0
Nr,7,30,400,20,,,0
Nr,7,30,400,30,,,0
SNR,7,30,400,,2,,0
SNR,7,30,400,,4,,0
SNR,7,30,400,,8,,0
SNR,7,30,400,,16,,0
Nr,7,30,450,10,,,0
Nr,7,30,450,20,,,0
Nr,7,30,450,30,,,0
SNR,7,30,450,,2,,0
SNR,7,30,450,,4,,0
SNR,7,30,450,,8,,0
SNR,7,30,450,,16,,0
Nr,7,30,500,10,,,0
Nr,7,30,500,20,,,0
Nr,7,30,500,30,,,0
SNR,7,30,500,,2,,0
SNR,7,30,500,,4,,0
SNR,7,30,500,,8,,0
SNR,7,30,500,,16,,0
Nr,7,60,50,10,,,0
Nr,7,60,50,20,,,0
Nr,7,60,50,30,,,0
SNR,7,60,50,,2,,0
SNR,7,60,50,,4,,0
SNR,7,60,50,,8,,0
SNR,7,60,50,,16,,0
Nr,7,60,100,10,,,0
Nr,7,60,100,20,,,0
Nr,7,60,100,30,,,0
SNR,7,60,100,,2,,0
SNR,7,60,100,,4,,0
SNR,7,60,100,,8,,0
SNR,7,60,100,,16,,0
Nr,7,60,150,10,,,0
Nr,7,60,150,20,,,0
Nr,7,60,150,30,,,0
SNR,7,60,150,,2,,0
SNR,7,60,150,,4,,0
SNR,7,60,150,,8,,0
SNR,7,60,150,,16,,0
Nr,7,60,200,10,,,0
Nr,7,60,200,20,,,0
Nr,7,60,200,30,,,0
SNR,7,60,200,,2,,0
SNR,7,60,200,,4,,0
SNR,7,60,200,,8,,0
SNR,7,60,200,,16,,0
Nr,7,60,250,10,,,0
Nr,7,60,250,20,,,0
Nr,7,60,250,30,,,0
SNR,7,60,250,,2,,0
SNR,7,60,250,,4,,0
SNR,7,60,250,,8,,0
SNR,7,60,250,,16,,0
Nr,7,60,300,10,,,0
Nr,7,60,300,20,,,0
Nr,7,60,300,30,,,0
SNR,7,60,300,,2,,0
SNR,7,60,300,,4,,0
SNR,7,60,300,,8,,0
SNR,7,60,300,,16,,0
Nr,7,60,350,10,,,0
Nr,7,60,350,20,,,0
Nr,7,60,350,30,,,0
SNR,7,60,350,,2,,0
SNR,7,60,350,,4,,0
SNR,7,60,350,,8,,0
SNR,7,60,350,,16,,0
Nr,7,60,400,10,,,0
Nr,7,60,400,20,,,0
Nr,7,60,400,30,,,0
SNR,7,60,400,,2,,0
SNR,7,60,400,,4,,0
SNR,7,60,400,,8,,0
SNR,7,60,400,,16,,0
Nr,7,60,450,10,,,0
Nr,7,60,450,20,,,0
Nr,7,60,450,30,,,0
SNR,7,60,450,,2,,0
SNR,7,60,450,,4,,0
SNR,7,60,450,,8,,0
SNR,7,60,450,,16,,0
Nr,7,60,500,10,,,0
Nr,7,60,500,20,,,0
Nr,7,60,500,30,,,0
SNR,7,60,500,,2,,0
SNR,7,60,500,,4,,0
SNR,7,60,500,,8,,0
SNR,7,60,500,,16,,0
Nr,7,120,50,10,,,0
Nr,7,120,50,20,,,0
Nr,7,120,50,30,,,0
SNR,7,120,50,,2,,0
SNR,7,120,50,,4,,0
SNR,7,120,50,,8,,0
SNR,7,120,50,,16,,0
Nr,7,120,100,10,,,0
Nr,7,120,100,20,,,0
Nr,7,120,100,30,,,0
SNR,7,120,100,,2,,0
SNR,7,120,100,,4,,0
SNR,7,120,100,,8,,0
SNR,7,120,100,,16,,0
Nr,7,120,150,10,,,0
Nr,7,120,150,20,,,0
Nr,7,120,150,30,,,0
SNR,7,120,150,,2,,0
SNR,7,120,150,,4,,0
SNR,7,120,150,,8,,0
SNR,7,120,150,,16,,0
Nr,7,120,200,10,,,0
Nr,7,120,200,20,,,0
Nr,7,120,200,30,,,0
SNR,7,120,200,,2,,0
SNR,7,120,200,,4,,0
SNR,7,120,200,,8,,0
SNR,7,120,200,,16,,0
Nr,7,120,250,10,,,0
Nr,7,120,250,20,,,0
Nr,7,120,250,30,,,0
SNR,7,120,250,,2,,0
SNR,7,120,250,,4,,0
SNR,7,120,250,,8,,0
SNR,7,120,250,,16,,0
Nr,7,120,300,10,,,0
Nr,7,120,300,20,,,0
Nr,7,120,300,30,,,0
SNR,7,120,300,,2,,0
SNR,7,120,300,,4,,0
SNR,7,120,300,,8,,0
SNR,7,120,300,,16,,0
Nr,7,120,350,10,,,0
Nr,7,120,350,20,,,0
Nr,7,120,350,30,,,0
SNR,7,120,350,,2,,0
SNR,7,120,350,,4,,0
SNR,7,120,350,,8,,0
SNR,7,120,350,,16,,0
Nr,7,120,400,10,,,0
Nr,7,120,400,20,,,0
Nr,7,120,400,30,,,0
SNR,7,120,400,,2,,0
SNR,7,120,400,,4,,0
SNR,7,120,400,,8,,0
SNR,7,120,400,,16,,0
Nr,7,120,450,10,,,0
Nr,7,120,450,20,,,0
Nr,7,120,450,30,,,0
SNR,7,120,450,,2,,0
SNR,7,120,450,,4,,0
SNR,7,120,450,,8,,0
SNR,7,120,450,,16,,0
Nr,7,120,500,10,,,0
Nr,7,120,500,20,,,0
Nr,7,120,500,30,,,0
SNR,7,120,500,,2,,0
SNR,7,120,500,,4,,0
SNR,7,120,500,,8,,0
SNR,7,120,500,,16,,0
Nr,15,15,50,10,,,0
Nr,15,15,50,20,,,0
Nr,15,15,50,30,,,0
SNR,15,15,50,,2,,0
SNR,15,15,50,,4,,0
SNR,15,15,50,,8,,0
SNR,15,15,50,,16,,0
Nr,15,15,100,10,,,0
Nr,15,15,100,20,,,0
Nr,15,15,100,30,,,0
SNR,15,15,100,,2,,0
SNR,15,15,100,,4,,0
SNR,15,15,100,,8,,0
SNR,15,15,100,,16,,0
Nr,15,15,150,10,,2.08,0
Nr,15,15,150,20,,,0
Nr,15,15,150,30,,,0
SNR,15,15,150,,2,13.00,0
SNR,15,15,150,,4,,0
SNR,15,15,150,,8,,0
SNR,15,15,150,,16,,0
Nr,15,15,200,10,,2.41,0
Nr,15,15,200,20,,2.22,0
Nr,15,15,200,30,,2.28,0
SNR,15,15,200,,2,,0
SNR,15,15,200,,4,,0
SNR,15,15,200,,8,,0
SNR,15,15,200,,16,,0
Nr,15,15,250,10,,2.95,0
Nr,15,15,250,20,,2.74,0
Nr,15,15,250,30,,2.89,0
SNR,15,15,250,,2,,0
SNR,15,15,250,,4,,0
SNR,15,15,250,,8,,0
SNR,15,15,250,,16,,0
Nr,15,15,300,10,,4.01,0
Nr,15,15,300,20,,3.46,0
Nr,15,15,300,30,,3.29,0
SNR,15,15,300,,2,,0
SNR,15,15,300,,4,10.08,0
SNR,15,15,300,,8,,0
SNR,15,15,300,,16,,0
Nr,15,15,350,10,,5.06,0
Nr,15,15,350,20,,4.08,0
Nr,15,15,350,30,,3.48,0
SNR,15,15,350,,2,,0
SNR,15,15,350,,4,20.67,0
SNR,15,15,350,,8,,0
SNR,15,15,350,,16,,0
Nr,15,15,400,10,,6.67,0
Nr,15,15,400,20,,4.51,0
Nr,15,15,400,30,,3.60,0
SNR,15,15,400,,2,,0
SNR,15,15,400,,4,23.36,0
SNR,15,15,400,,8,,0
SNR,15,15,400,,16,,0
Nr,15,15,450,10,,7.00,0
Nr,15,15,450,20,,4.45,0
Nr,15,15,450,30,,3.56,0
SNR,15,15,450,,2,,0
SNR,15,15,450,,4,22.66,0
SNR,15,15,450,,8,,0
SNR,15,15,450,,16,,0
Nr,15,15,500,10,,6.59,0
Nr,15,15,500,20,,4.35,0
Nr,15,15,500,30,,3.57,0
SNR,15,15,500,,2,,0
SNR,15,15,500,,4,22.26,0
SNR,15,15,500,,8,,0
SNR,15,15,500,,16,,0
Nr,15,30,50,10,,,0
Nr,15,30,50,20,,,0
Nr,15,30,50,30,,,0
SNR,15,30,50,,2,,0
SNR,15,30,50,,4,,0
SNR,15,30,50,,8,,0
SNR,15,30,50,,16,,0
Nr,15,30,100,10,,,0
Nr,15,30,100,20,,,0
Nr,15,30,100,30,,,0
SNR,15,30,100,,2,,0
SNR,15,30,100,,4,,0
SNR,15,30,100,,8,,0
SNR,15,30,100,,16,,0
Nr,15,30,150,10,,,0
Nr,15,30,150,20,,,0
Nr,15,30,150,30,,,0
SNR,15,30,150,,2,,0
SNR,15,30,150,,4,,0
SNR,15,30,150,,8,,0
SNR,15,30,150,,16,,0
Nr,15,30,200,10,,,0
Nr,15,30,200,20,,,0
Nr,15,30,200,30,,,0
SNR,15,30,200,,2,,0
SNR,15,30,200,,4,,0
SNR,15,30,200,,8,,0
SNR,15,30,200,,16,,0
Nr,15,30,250,10,,,0
Nr,15,30,250,20,,,0
Nr,15,30,250,30,,,0
SNR,15,30,250,,2,,0
SNR,15,30,250,,4,,0
SNR,15,30,250,,8,,0
SNR,15,30,250,,16,,0
Nr,15,30,300,10,,2.08,0
Nr,15,30,300,20,,,0
Nr,15,30,300,30,,,0
SNR,15,30,300,,2,13.00,0
SNR,15,30,300,,4,,0
SNR,15,30,300,,8,,0
SNR,15,30,300,,16,,0
Nr,15,30,350,10,,2.23,0
Nr,15,30,350,20,,2.06,0
Nr,15,30,350,30,,,0
SNR,15,30,350,,2,25.58,0
SNR,15,30,350,,4,,0
SNR,15,30,350,,8,,0
SNR,15,30,350,,16,,0
Nr,15,30,400,10,,2.41,0
Nr,15,30,400,20,,2.22,0
Nr,15,30,400,30,,2.28,0
SNR,15,30,400,,2,,0
SNR,15,30,400,,4,,0
SNR,15,30,400,,8,,0
SNR,15,30,400,,16,,0
Nr,15,30,450,10,,2.65,0
Nr,15,30,450,20,,2.46,0
Nr,15,30,450,30,,2.62,0
SNR,15,30,450,,2,,0
SNR,15,30,450,,4,,0
SNR,15,30,450,,8,,0
SNR,15,30,450,,16,,0
Nr,15,30,500,10,,2.95,0
Nr,15,30,500,20,,2.74,0
Nr,15,30,500,30,,2.89,0
SNR,15,30,500,,2,,0
SNR,15,30,500,,4,,0
SNR,15,30,500,,8,,0
SNR,15,30,500,,16,,0
Nr,15,60,50,10,,,0
Nr,15,60,50,20,,,0
Nr,15,60,50,30,,,0
SNR,15,60,50,,2,,0
SNR,15,60,50,,4,,0
SNR,15,60,50,,8,,0
SNR,15,60,50,,16,,0
Nr,15,60,100,10,,,0
Nr,15,60,100,20,,,0
Nr,15,60,100,30,,,0
SNR,15,60,100,,2,,0
SNR,15,60,100,,4,,0
SNR,15,60,100,,8,,0
SNR,15,60,100,,16,,0
Nr,15,60,150,10,,,0
Nr,15,60,150,20,,,0
Nr,15,60,150,30,,,0
SNR,15,60,150,,2,,0
SNR,15,60,150,,4,,0
SNR,15,60,150,,8,,0
SNR,15,60,150,,16,,0
Nr,15,60,200,10,,,0
Nr,15,60,200,20,,,0
Nr,15,60,200,30,,,0
SNR,15,60,200,,2,,0
SNR,15,60,200,,4,,0
SNR,15,60,200,,8,,0
SNR,15,60,200,,16,,0
Nr,15,60,250,10,,,0
Nr,15,60,250,20,,,0
Nr,15,60,250,30,,,0
SNR,15,60,250,,2,,0
SNR,15,60,250,,4,,0
SNR,15,60,250,,8,,0
SNR,15,60,250,,16,,0
Nr,15,60,300,10,,,0
Nr,15,60,300,20,,,0
Nr,15,60,300,30,,,0
SNR,15,60,300,,2,,0
SNR,15,60,300,,4,,0
SNR,15,60,300,,8,,0
SNR,15,60,300,,16,,0
Nr,15,60,350,10,,,0
Nr,15,60,350,20,,,0
Nr,15,60,350,30,,,0
SNR,15,60,350,,2,,0
SNR,15,60,350,,4,,0
SNR,15,60,350,,8,,0
SNR,15,60,350,,16,,0
Nr,15,60,400,10,,,0
Nr,15,60,400,20,,,0
Nr,15,60,400,30,,,0
SNR,15,60,400,,2,,0
SNR,15,60,400,,4,,0
SNR,15,60,400,,8,,0
SNR,15,60,400,,16,,0
Nr,15,60,450,10,,,0
Nr,15,60,450,20,,,0
Nr,15,60,450,30,,,0
SNR,15,60,450,,2,,0
SNR,15,60,450,,4,,0
SNR,15,60,450,,8,,0
SNR,15,60,450,,16,,0
Nr,15,60,500,10,,,0
Nr,15,60,500,20,,,0
Nr,15,60,500,30,,,0
SNR,15,60,500,,2,,0
SNR,15,60,500,,4,,0
SNR,15,60,500,,8,,0
SNR,15,60,500,,16,,0
Nr,15,120,50,10,,,0
Nr,15,120,50,20,,,0
Nr,15,120,50,30,,,0
SNR,15,120,50,,2,,0
SNR,15,120,50,,4,,0
SNR,15,120,50,,8,,0
SNR,15,120,50,,16,,0
Nr,15,120,100,10,,,0
Nr,15,120,100,20,,,0
Nr,15,120,100,30,,,0
SNR,15,120,100,,2,,0
SNR,15,120,100,,4,,0
SNR,15,120,100,,8,,0
SNR,15,120,100,,16,,0
Nr,15,120,150,10,,,0
Nr,15,120,150,20,,,0
Nr,15,120,150,30,,,0
SNR,15,120,150,,2,,0
SNR,15,120,150,,4,,0
SNR,15,120,150,,8,,0
SNR,15,120,150,,16,,0
Nr,15,120,200,10,,,0
Nr,15,120,200,20,,,0
Nr,15,120,200,30,,,0
SNR,15,120,200,,2,,0
SNR,15,120,200,,4,,0
SNR,15,120,200,,8,,0
SNR,15,120,200,,16,,0
Nr,15,120,250,10,,,0
Nr,15,120,250,20,,,0
Nr,15,120,250,30,,,0
SNR,15,120,250,,2,,0
SNR,15,120,250,,4,,0
SNR,15,120,250,,8,,0
SNR,15,120,250,,16,,0
Nr,15,120,300,10,,,0
Nr,15,120,300,20,,,0
Nr,15,120,300,30,,,0
SNR,15,120,300,,2,,0
SNR,15,120,300,,4,,0
SNR,15,120,300,,8,,0
SNR,15,120,300,,16,,0
Nr,15,120,350,10,,,0
Nr,15,120,350,20,,,0
Nr,15,120,350,30,,,0
SNR,15,120,350,,2,,0
SNR,15,120,350,,4,,0
SNR,15,120,350,,8,,0
SNR,15,120,350,,16,,0
Nr,15,120,400,10,,,0
Nr,15,120,400,20,,,0
Nr,15,120,400,30,,,0
SNR,15,120,400,,2,,0
SNR,15,120,400,,4,,0
SNR,15,120,400,,8,,0
SNR,15,120,400,,16,,0
Nr,15,120,450,10,,,0
Nr,15,120,450,20,,,0
Nr,15,120,450,30,,,0
SNR,15,120,450,,2,,0
SNR,15,120,450,,4,,0
SNR,15,120,450,,8,,0
SNR,15,120,450,,16,,0
Nr,15,120,500,10,,,0
Nr,15,120,500,20,,,0
Nr,15,120,500,30,,,0
SNR,15,120,500,,2,,0
SNR,15,120,500,,4,,0
SNR,15,120,500,,8,,0
SNR,15,120,500,,16,,0
Nr,28,15,50,10,,,0
Nr,28,15,50,20,,,0
Nr,28,15,50,30,,,0
SNR,28,15,50,,2,,0
SNR,28,15,50,,4,,0
SNR,28,15,50,,8,,0
SNR,28,15,50,,16,,0
Nr,28,15,100,10,,2.31,0
Nr,28,15,100,20,,2.13,0
Nr,28,15,100,30,,2.11,0
SNR,28,15,100,,2,,0
SNR,28,15,100,,4,,0
SNR,28,15,100,,8,,0
SNR,28,15,100,,16,,0
Nr,28,15,150,10,,3.52,0
Nr,28,15,150,20,,3.17,0
Nr,28,15,150,30,,3.17,0
SNR,28,15,150,,2,,0
SNR,28,15,150,,4,,0
SNR,28,15,150,,8,,0
SNR,28,15,150,,16,,0
Nr,28,15,200,10,,5.82,0
Nr,28,15,200,20,,4.28,0
Nr,28,15,200,30,,3.54,0
SNR,28,15,200,,2,,0
SNR,28,15,200,,4,22.08,0
SNR,28,15,200,,8,,0
SNR,28,15,200,,16,,0
Nr,28,15,250,10,,6.89,0
Nr,28,15,250,20,,4.40,0
Nr,28,15,250,30,,3.54,0
SNR,28,15,250,,2,,0
SNR,28,15,250,,4,22.33,0
SNR,28,15,250,,8,,0
SNR,28,15,250,,16,,0
Nr,28,15,300,10,,6.23,1
Nr,28,15,300,20,,4.36,1
Nr,28,15,300,30,,3.79,1
SNR,28,15,300,,2,,1
SNR,28,15,300,,4,24.04,1
SNR,28,15,300,,8,,1
SNR,28,15,300,,16,,1
Nr,28,15,350,10,,7.23,1
Nr,28,15,350,20,,5.52,1
Nr,28,15,350,30,,6.36,1
SNR,28,15,350,,2,,1
SNR,28,15,350,,4,,1
SNR,28,15,350,,8,,1
SNR,28,15,350,,16,,1
Nr,28,15,400,10,,9.89,1
Nr,28,15,400,20,,7.43,1
Nr,28,15,400,30,,7.81,1
SNR,28,15,400,,2,,1
SNR,28,15,400,,4,,1
SNR,28,15,400,,8,17.10,1
SNR,28,15,400,,16,,1
Nr,28,15,450,10,,12.87,1
Nr,28,15,450,20,,7.95,1
Nr,28,15,450,30,,6.46,1
SNR,28,15,450,,2,,1
SNR,28,15,450,,4,,1
SNR,28,15,450,,8,19.82,1
SNR,28,15,450,,16,,1
Nr,28,15,500,10,,,1
Nr,28,15,500,20,,13.89,1
Nr,28,15,500,30,,11.96,1
SNR,28,15,500,,2,,1
SNR,28,15,500,,4,,1
SNR,28,15,500,,8,,1
SNR,28,15,500,,16,13.71,1
Nr,28,30,50,10,,,0
Nr,28,30,50,20,,,0
Nr,28,30,50,30,,,0
SNR,28,30,50,,2,,0
SNR,28,30,50,,4,,0
SNR,28,30,50,,8,,0
SNR,28,30,50,,16,,0
Nr,28,30,100,10,,,0
Nr,28,30,100,20,,,0
Nr,28,30,100,30,,,0
SNR,28,30,100,,2,,0
SNR,28,30,100,,4,,0
SNR,28,30,100,,8,,0
SNR,28,30,100,,16,,0
Nr,28,30,150,10,,2.03,0
Nr,28,30,150,20,,,0
Nr,28,30,150,30,,,0
SNR,28,30,150,,2,10.91,0
SNR,28,30,150,,4,,0
SNR,28,30,150,,8,,0
SNR,28,30,150,,16,,0
Nr,28,30,200,10,,2.31,0
Nr,28,30,200,20,,2.13,0
Nr,28,30,200,30,,2.11,0
SNR,28,30,200,,2,,0
SNR,28,30,200,,4,,0
SNR,28,30,200,,8,,0
SNR,28,30,200,,16,,0
Nr,28,30,250,10,,2.75,0
Nr,28,30,250,20,,2.55,0
Nr,28,30,250,30,,2.71,0
SNR,28,30,250,,2,,0
SNR,28,30,250,,4,,0
SNR,28,30,250,,8,,0
SNR,28,30,250,,16,,0
Nr,28,30,300,10,,3.52,0
Nr,28,30,300,20,,3.17,0
Nr,28,30,300,30,,3.17,0
SNR,28,30,300,,2,,0
SNR,28,30,300,,4,,0
SNR,28,30,300,,8,,0
SNR,28,30,300,,16,,0
Nr,28,30,350,10,,4.47,0
Nr,28,30,350,20,,3.80,0
Nr,28,30,350,30,,3.39,0
SNR,28,30,350,,2,,0
SNR,28,30,350,,4,16.10,0
SNR,28,30,350,,8,,0
SNR,28,30,350,,16,,0
Nr,28,30,400,10,,5.82,0
Nr,28,30,400,20,,4.28,0
Nr,28,30,400,30,,3.54,0
SNR,28,30,400,,2,,0
SNR,28,30,400,,4,22.08,0
SNR,28,30,400,,8,,0
SNR,28,30,400,,16,,0
Nr,28,30,450,10,,7.02,0
Nr,28,30,450,20,,4.55,0
Nr,28,30,450,30,,3.60,0
SNR,28,30,450,,2,,0
SNR,28,30,450,,4,23.37,0
SNR,28,30,450,,8,,0
SNR,28,30,450,,16,,0
Nr,28,30,500,10,,6.89,0
Nr,28,30,500,20,,4.40,0
Nr,28,30,500,30,,3.54,0
SNR,28,30,500,,2,,0
SNR,28,30,500,,4,22.33,0
SNR,28,30,500,,8,,0
SNR,28,30,500,,16,,0
Nr,28,60,50,10,,,0
Nr,28,60,50,20,,,0
Nr,28,60,50,30,,,0
SNR,28,60,50,,2,,0
SNR,28,60,50,,4,,0
SNR,28,60,50,,8,,0
SNR,28,60,50,,16,,0
Nr,28,60,100,10,,,0
Nr,28,60,100,20,,,0
Nr,28,60,100,30,,,0
SNR,28,60,100,,2,,0
SNR,28,60,100,,4,,0
SNR,28,60,100,,8,,0
SNR,28,60,100,,16,,0
Nr,28,60,150,10,,,0
Nr,28,60,150,20,,,0
Nr,28,60,150,30,,,0
SNR,28,60,150,,2,,0
SNR,28,60,150,,4,,0
SNR,28,60,150,,8,,0
SNR,28,60,150,,16,,0
Nr,28,60,200,10,,,0
Nr,28,60,200,20,,,0
Nr,28,60,200,30,,,0
SNR,28,60,200,,2,,0
SNR,28,60,200,,4,,0
SNR,28,60,200,,8,,0
SNR,28,60,200,,16,,0
Nr,28,60,250,10,,,0
Nr,28,60,250,20,,,0
Nr,28,60,250,30,,,0
SNR,28,60,250,,2,,0
SNR,28,60,250,,4,,0
SNR,28,60,250,,8,,0
SNR,28,60,250,,16,,0
Nr,28,60,300,10,,2.03,0
Nr,28,60,300,20,,,0
Nr,28,60,300,30,,,0
SNR,28,60,300,,2,10.91,0
SNR,28,60,300,,4,,0
SNR,28,60,300,,8,,0
SNR,28,60,300,,16,,0
Nr,28,60,350,10,,2.16,0
Nr,28,60,350,20,,,0
Nr,28,60,350,30,,,0
SNR,28,60,350,,2,18.88,0
SNR,28,60,350,,4,,0
SNR,28,60,350,,8,,0
SNR,28,60,350,,16,,0
Nr,28,60,400,10,,2.31,0
Nr,28,60,400,20,,2.13,0
Nr,28,60,400,30,,2.11,0
SNR,28,60,400,,2,,0
SNR,28,60,400,,4,,0
SNR,28,60,400,,8,,0
SNR,28,60,400,,16,,0
Nr,28,60,450,10,,2.50,0
Nr,28,60,450,20,,2.31,0
Nr,28,60,450,30,,2.41,0
SNR,28,60,450,,2,,0
SNR,28,60,450,,4,,0
SNR,28,60,450,,8,,0
SNR,28,60,450,,16,,0
Nr,28,60,500,10,,2.75,0
Nr,28,60,500,20,,2.55,0
Nr,28,60,500,30,,2.71,0
SNR,28,60,500,,2,,0
SNR,28,60,500,,4,,0
SNR,28,60,500,,8,,0
SNR,28,60,500,,16,,0
Nr,28,120,50,10,,,0
Nr,28,120,50,20,,,0
Nr,28,120,50,30,,,0
SNR,28,120,50,,2,,0
SNR,28,120,50,,4,,0
SNR,28,120,50,,8,,0
SNR,28,120,50,,16,,0
Nr,28,120,100,10,,,0
Nr,28,120,100,20,,,0
Nr,28,120,100,30,,,0
SNR,28,120,100,,2,,0
SNR,28,120,100,,4,,0
SNR,28,120,100,,8,,0
SNR,28,120,100,,16,,0
Nr,28,120,150,10,,,0
Nr,28,120,150,20,,,0
Nr,28,120,150,30,,,0
SNR,28,120,150,,2,,0
SNR,28,120,150,,4,,0
SNR,28,120,150,,8,,0
SNR,28,120,150,,16,,0
Nr,28,120,200,10,,,0
Nr,28,120,200,20,,,0
Nr,28,120,200,30,,,0
SNR,28,120,200,,2,,0
SNR,28,120,200,,4,,0
SNR,28,120,200,,8,,0
SNR,28,120,200,,16,,0
Nr,28,120,250,10,,,0
Nr,28,120,250,20,,,0
Nr,28,120,250,30,,,0
SNR,28,120,250,,2,,0
SNR,28,120,250,,4,,0
SNR,28,120,250,,8,,0
SNR,28,120,250,,16,,0
Nr,28,120,300,10,,,0
Nr,28,120,300,20,,,0
Nr,28,120,300,30,,,0
SNR,28,120,300,,2,,0
SNR,28,120,300,,4,,0
SNR,28,120,300,,8,,0
SNR,28,120,300,,16,,0
Nr,28,120,350,10,,,0
Nr,28,120,350,20,,,0
Nr,28,120,350,30,,,0
SNR,28,120,350,,2,,0
SNR,28,120,350,,4,,0
SNR,28,120,350,,8,,0
SNR,28,120,350,,16,,0
Nr,28,120,400,10,,,0
Nr,28,120,400,20,,,0
Nr,28,120,400,30,,,0
SNR,28,120,400,,2,,0
SNR,28,120,400,,4,,0
SNR,28,120,400,,8,,0
SNR,28,120,400,,16,,0
Nr,28,120,450,10,,,0
Nr,28,120,450,20,,,0
Nr,28,120,450,30,,,0
SNR,28,120,450,,2,,0
SNR,28,120,450,,4,,0
SNR,28,120,450,,8,,0
SNR,28,120,450,,16,,0
Nr,28,120,500,10,,,0
Nr,28,120,500,20,,,0
Nr,28,120,500,30,,,0
SNR,28,120,500,,2,,0
SNR,28,120,500,,4,,0
SNR,28,120,500,,8,,0
SNR,28,120,500,,16,,0
