# Clean-estimator slice, SNR 20 dB: old pilot residual with gamma_rel +10 dB (data/map_prototype.csv) next to the new one without loading (data/map_v2.csv); both old files are unchanged
# dominant = larger of L_ICI_net and L_est (I = ICI, E = estimation, - = both < 0.5 dB); excluded = 1 when eps_max > 0.5
v_kmh,fc_GHz,df_kHz,Nr,eps_max,excluded,L_ICI_net_db,L_est_old_db,L_est_new_db,dominant_old,dominant_new
0,3.5,15,2,0.0000,0,0.000,0.001,0.053,-,-
50,3.5,15,2,0.0108,0,0.064,0.002,0.054,-,-
100,3.5,15,2,0.0216,0,0.231,0.017,0.054,-,-
150,3.5,15,2,0.0324,0,0.450,0.061,0.054,-,-
200,3.5,15,2,0.0432,0,0.680,0.141,0.053,I,I
250,3.5,15,2,0.0540,0,0.901,0.248,0.052,I,I
300,3.5,15,2,0.0648,0,1.108,0.374,0.051,I,I
350,3.5,15,2,0.0756,0,1.302,0.507,0.050,I,I
400,3.5,15,2,0.0864,0,1.488,0.638,0.049,I,I
450,3.5,15,2,0.0972,0,1.670,0.762,0.048,I,I
500,3.5,15,2,0.1080,0,1.851,0.875,0.048,I,I
0,3.5,30,2,0.0000,0,0.000,0.001,0.053,-,-
50,3.5,30,2,0.0054,0,0.016,0.001,0.053,-,-
100,3.5,30,2,0.0108,0,0.064,0.002,0.054,-,-
150,3.5,30,2,0.0162,0,0.138,0.007,0.054,-,-
200,3.5,30,2,0.0216,0,0.231,0.017,0.054,-,-
250,3.5,30,2,0.0270,0,0.337,0.035,0.054,-,-
300,3.5,30,2,0.0324,0,0.450,0.061,0.054,-,-
350,3.5,30,2,0.0378,0,0.565,0.097,0.053,I,I
400,3.5,30,2,0.0432,0,0.680,0.141,0.053,I,I
450,3.5,30,2,0.0486,0,0.792,0.192,0.052,I,I
500,3.5,30,2,0.0540,0,0.901,0.248,0.052,I,I
0,3.5,60,2,0.0000,0,0.000,0.001,0.053,-,-
50,3.5,60,2,0.0027,0,0.004,0.001,0.053,-,-
100,3.5,60,2,0.0054,0,0.016,0.001,0.053,-,-
150,3.5,60,2,0.0081,0,0.036,0.001,0.054,-,-
200,3.5,60,2,0.0108,0,0.064,0.002,0.054,-,-
250,3.5,60,2,0.0135,0,0.098,0.004,0.054,-,-
300,3.5,60,2,0.0162,0,0.138,0.007,0.054,-,-
350,3.5,60,2,0.0189,0,0.182,0.011,0.054,-,-
400,3.5,60,2,0.0216,0,0.231,0.017,0.054,-,-
450,3.5,60,2,0.0243,0,0.283,0.025,0.054,-,-
500,3.5,60,2,0.0270,0,0.337,0.035,0.054,-,-
0,3.5,120,2,0.0000,0,0.000,0.001,0.053,-,-
50,3.5,120,2,0.0014,0,0.001,0.001,0.053,-,-
100,3.5,120,2,0.0027,0,0.004,0.001,0.053,-,-
150,3.5,120,2,0.0041,0,0.009,0.001,0.053,-,-
200,3.5,120,2,0.0054,0,0.016,0.001,0.053,-,-
250,3.5,120,2,0.0068,0,0.025,0.001,0.054,-,-
300,3.5,120,2,0.0081,0,0.036,0.001,0.054,-,-
350,3.5,120,2,0.0095,0,0.049,0.002,0.054,-,-
400,3.5,120,2,0.0108,0,0.064,0.002,0.054,-,-
450,3.5,120,2,0.0122,0,0.080,0.003,0.054,-,-
500,3.5,120,2,0.0135,0,0.098,0.004,0.054,-,-
0,7,15,2,0.0000,0,0.000,0.001,0.053,-,-
50,7,15,2,0.0216,0,0.231,0.017,0.054,-,-
100,7,15,2,0.0432,0,0.680,0.141,0.053,I,I
150,7,15,2,0.0648,0,1.108,0.374,0.051,I,I
200,7,15,2,0.0864,0,1.488,0.638,0.049,I,I
250,7,15,2,0.1080,0,1.851,0.875,0.048,I,I
300,7,15,2,0.1296,0,2.219,1.072,0.047,I,I
350,7,15,2,0.1512,0,2.637,1.236,0.048,I,I
400,7,15,2,0.1728,0,3.108,1.368,0.048,I,I
450,7,15,2,0.1944,0,3.643,1.467,0.048,I,I
500,7,15,2,0.2160,0,4.234,1.527,0.047,I,I
0,7,30,2,0.0000,0,0.000,0.001,0.053,-,-
50,7,30,2,0.0108,0,0.064,0.002,0.054,-,-
100,7,30,2,0.0216,0,0.231,0.017,0.054,-,-
150,7,30,2,0.0324,0,0.450,0.061,0.054,-,-
200,7,30,2,0.0432,0,0.680,0.141,0.053,I,I
250,7,30,2,0.0540,0,0.901,0.248,0.052,I,I
300,7,30,2,0.0648,0,1.108,0.374,0.051,I,I
350,7,30,2,0.0756,0,1.302,0.507,0.050,I,I
400,7,30,2,0.0864,0,1.488,0.638,0.049,I,I
450,7,30,2,0.0972,0,1.670,0.762,0.048,I,I
500,7,30,2,0.1080,0,1.851,0.875,0.048,I,I
0,7,60,2,0.0000,0,0.000,0.001,0.053,-,-
50,7,60,2,0.0054,0,0.016,0.001,0.053,-,-
100,7,60,2,0.0108,0,0.064,0.002,0.054,-,-
150,7,60,2,0.0162,0,0.138,0.007,0.054,-,-
200,7,60,2,0.0216,0,0.231,0.017,0.054,-,-
250,7,60,2,0.0270,0,0.337,0.035,0.054,-,-
300,7,60,2,0.0324,0,0.450,0.061,0.054,-,-
350,7,60,2,0.0378,0,0.565,0.097,0.053,I,I
400,7,60,2,0.0432,0,0.680,0.141,0.053,I,I
450,7,60,2,0.0486,0,0.792,0.192,0.052,I,I
500,7,60,2,0.0540,0,0.901,0.248,0.052,I,I
0,7,120,2,0.0000,0,0.000,0.001,0.053,-,-
50,7,120,2,0.0027,0,0.004,0.001,0.053,-,-
100,7,120,2,0.0054,0,0.016,0.001,0.053,-,-
150,7,120,2,0.0081,0,0.036,0.001,0.054,-,-
200,7,120,2,0.0108,0,0.064,0.002,0.054,-,-
250,7,120,2,0.0135,0,0.098,0.004,0.054,-,-
300,7,120,2,0.0162,0,0.138,0.007,0.054,-,-
350,7,120,2,0.0189,0,0.182,0.011,0.054,-,-
400,7,120,2,0.0216,0,0.231,0.017,0.054,-,-
450,7,120,2,0.0243,0,0.283,0.025,0.054,-,-
500,7,120,2,0.0270,0,0.337,0.035,0.054,-,-
0,15,15,2,0.0000,0,0.000,0.001,0.053,-,-
50,15,15,2,0.0463,0,0.745,0.169,0.052,I,I
100,15,15,2,0.0926,0,1.592,0.710,0.049,I,I
150,15,15,2,0.1389,0,2.391,1.148,0.048,I,I
200,15,15,2,0.1852,0,3.399,1.431,0.047,I,I
250,15,15,2,0.2315,0,4.600,1.561,0.048,I,I
300,15,15,2,0.2778,0,5.697,1.558,0.048,I,I
350,15,15,2,0.3241,0,6.640,1.492,0.044,I,I
400,15,15,2,0.3704,0,7.387,1.377,0.042,I,I
450,15,15,2,0.4167,0,8.143,1.223,0.045,I,I
500,15,15,2,0.4630,0,8.784,1.102,0.048,I,I
0,15,30,2,0.0000,0,0.000,0.001,0.053,-,-
50,15,30,2,0.0231,0,0.260,0.021,0.054,-,-
100,15,30,2,0.0463,0,0.745,0.169,0.052,I,I
150,15,30,2,0.0694,0,1.193,0.430,0.050,I,I
200,15,30,2,0.0926,0,1.592,0.710,0.049,I,I
250,15,30,2,0.1157,0,1.980,0.948,0.048,I,I
300,15,30,2,0.1389,0,2.391,1.148,0.048,I,I
350,15,30,2,0.1620,0,2.863,1.307,0.048,I,I
400,15,30,2,0.1852,0,3.399,1.431,0.047,I,I
450,15,30,2,0.2083,0,4.045,1.506,0.047,I,I
500,15,30,2,0.2315,0,4.600,1.561,0.048,I,I
0,15,60,2,0.0000,0,0.000,0.001,0.053,-,-
50,15,60,2,0.0116,0,0.073,0.003,0.054,-,-
100,15,60,2,0.0231,0,0.260,0.021,0.054,-,-
150,15,60,2,0.0347,0,0.499,0.076,0.053,-,-
200,15,60,2,0.0463,0,0.745,0.169,0.052,I,I
250,15,60,2,0.0579,0,0.977,0.292,0.051,I,I
300,15,60,2,0.0694,0,1.193,0.430,0.050,I,I
350,15,60,2,0.0810,0,1.396,0.573,0.049,I,I
400,15,60,2,0.0926,0,1.592,0.710,0.049,I,I
450,15,60,2,0.1042,0,1.787,0.836,0.048,I,I
500,15,60,2,0.1157,0,1.980,0.948,0.048,I,I
0,15,120,2,0.0000,0,0.000,0.001,0.053,-,-
50,15,120,2,0.0058,0,0.019,0.001,0.053,-,-
100,15,120,2,0.0116,0,0.073,0.003,0.054,-,-
150,15,120,2,0.0174,0,0.156,0.008,0.054,-,-
200,15,120,2,0.0231,0,0.260,0.021,0.054,-,-
250,15,120,2,0.0289,0,0.377,0.043,0.054,-,-
300,15,120,2,0.0347,0,0.499,0.076,0.053,-,-
350,15,120,2,0.0405,0,0.623,0.118,0.053,I,I
400,15,120,2,0.0463,0,0.745,0.169,0.052,I,I
450,15,120,2,0.0521,0,0.863,0.228,0.052,I,I
500,15,120,2,0.0579,0,0.977,0.292,0.051,I,I
0,28,15,2,0.0000,0,0.000,0.001,0.053,-,-
50,28,15,2,0.0864,0,1.488,0.638,0.049,I,I
100,28,15,2,0.1728,0,3.108,1.368,0.048,I,I
150,28,15,2,0.2593,0,5.237,1.575,0.048,I,I
200,28,15,2,0.3457,0,7.009,1.447,0.044,I,I
250,28,15,2,0.4321,0,8.347,1.186,0.046,I,I
300,28,15,2,0.5185,1,9.693,0.979,0.052,I,I
350,28,15,2,0.6049,1,11.836,0.755,0.055,I,I
400,28,15,2,0.6914,1,14.300,0.547,0.056,I,I
450,28,15,2,0.7778,1,16.500,0.439,0.059,I,I
500,28,15,2,0.8642,1,17.959,0.390,0.066,I,I
0,28,30,2,0.0000,0,0.000,0.001,0.053,-,-
50,28,30,2,0.0432,0,0.680,0.141,0.053,I,I
100,28,30,2,0.0864,0,1.488,0.638,0.049,I,I
150,28,30,2,0.1296,0,2.219,1.072,0.047,I,I
200,28,30,2,0.1728,0,3.108,1.368,0.048,I,I
250,28,30,2,0.2160,0,4.234,1.527,0.047,I,I
300,28,30,2,0.2593,0,5.237,1.575,0.048,I,I
350,28,30,2,0.3025,0,6.242,1.530,0.046,I,I
400,28,30,2,0.3457,0,7.009,1.447,0.044,I,I
450,28,30,2,0.3889,0,7.677,1.319,0.042,I,I
500,28,30,2,0.4321,0,8.347,1.186,0.046,I,I
0,28,60,2,0.0000,0,0.000,0.001,0.053,-,-
50,28,60,2,0.0216,0,0.231,0.017,0.054,-,-
100,28,60,2,0.0432,0,0.680,0.141,0.053,I,I
150,28,60,2,0.0648,0,1.108,0.374,0.051,I,I
200,28,60,2,0.0864,0,1.488,0.638,0.049,I,I
250,28,60,2,0.1080,0,1.851,0.875,0.048,I,I
300,28,60,2,0.1296,0,2.219,1.072,0.047,I,I
350,28,60,2,0.1512,0,2.637,1.236,0.048,I,I
400,28,60,2,0.1728,0,3.108,1.368,0.048,I,I
450,28,60,2,0.1944,0,3.643,1.467,0.048,I,I
500,28,60,2,0.2160,0,4.234,1.527,0.047,I,I
0,28,120,2,0.0000,0,0.000,0.001,0.053,-,-
50,28,120,2,0.0108,0,0.064,0.002,0.054,-,-
100,28,120,2,0.0216,0,0.231,0.017,0.054,-,-
150,28,120,2,0.0324,0,0.450,0.061,0.054,-,-
200,28,120,2,0.0432,0,0.680,0.141,0.053,I,I
250,28,120,2,0.0540,0,0.901,0.248,0.052,I,I
300,28,120,2,0.0648,0,1.108,0.374,0.051,I,I
350,28,120,2,0.0756,0,1.302,0.507,0.050,I,I
400,28,120,2,0.0864,0,1.488,0.638,0.049,I,I
450,28,120,2,0.0972,0,1.670,0.762,0.048,I,I
500,28,120,2,0.1080,0,1.851,0.875,0.048,I,I
0,3.5,15,4,0.0000,0,0.000,0.002,0.150,-,-
50,3.5,15,4,0.0108,0,0.063,0.006,0.154,-,-
100,3.5,15,4,0.0216,0,0.211,0.042,0.156,-,-
150,3.5,15,4,0.0324,0,0.370,0.129,0.156,-,-
200,3.5,15,4,0.0432,0,0.509,0.253,0.156,I,I
250,3.5,15,4,0.0540,0,0.623,0.390,0.156,I,I
300,3.5,15,4,0.0648,0,0.721,0.523,0.155,I,I
350,3.5,15,4,0.0756,0,0.811,0.639,0.155,I,I
400,3.5,15,4,0.0864,0,0.901,0.737,0.154,I,I
450,3.5,15,4,0.0972,0,0.999,0.816,0.154,I,I
500,3.5,15,4,0.1080,0,1.110,0.875,0.154,I,I
0,3.5,30,4,0.0000,0,0.000,0.002,0.150,-,-
50,3.5,30,4,0.0054,0,0.016,0.002,0.152,-,-
100,3.5,30,4,0.0108,0,0.063,0.006,0.154,-,-
150,3.5,30,4,0.0162,0,0.132,0.018,0.155,-,-
200,3.5,30,4,0.0216,0,0.211,0.042,0.156,-,-
250,3.5,30,4,0.0270,0,0.293,0.079,0.156,-,-
300,3.5,30,4,0.0324,0,0.370,0.129,0.156,-,-
350,3.5,30,4,0.0378,0,0.443,0.188,0.156,-,-
400,3.5,30,4,0.0432,0,0.509,0.253,0.156,I,I
450,3.5,30,4,0.0486,0,0.569,0.321,0.156,I,I
500,3.5,30,4,0.0540,0,0.623,0.390,0.156,I,I
0,3.5,60,4,0.0000,0,0.000,0.002,0.150,-,-
50,3.5,60,4,0.0027,0,0.003,0.002,0.151,-,-
100,3.5,60,4,0.0054,0,0.016,0.002,0.152,-,-
150,3.5,60,4,0.0081,0,0.036,0.003,0.153,-,-
200,3.5,60,4,0.0108,0,0.063,0.006,0.154,-,-
250,3.5,60,4,0.0135,0,0.096,0.010,0.154,-,-
300,3.5,60,4,0.0162,0,0.132,0.018,0.155,-,-
350,3.5,60,4,0.0189,0,0.171,0.028,0.155,-,-
400,3.5,60,4,0.0216,0,0.211,0.042,0.156,-,-
450,3.5,60,4,0.0243,0,0.252,0.059,0.156,-,-
500,3.5,60,4,0.0270,0,0.293,0.079,0.156,-,-
0,3.5,120,4,0.0000,0,0.000,0.002,0.150,-,-
50,3.5,120,4,0.0014,0,0.001,0.002,0.151,-,-
100,3.5,120,4,0.0027,0,0.003,0.002,0.151,-,-
150,3.5,120,4,0.0041,0,0.009,0.002,0.152,-,-
200,3.5,120,4,0.0054,0,0.016,0.002,0.152,-,-
250,3.5,120,4,0.0068,0,0.025,0.003,0.152,-,-
300,3.5,120,4,0.0081,0,0.036,0.003,0.153,-,-
350,3.5,120,4,0.0095,0,0.049,0.004,0.153,-,-
400,3.5,120,4,0.0108,0,0.063,0.006,0.154,-,-
450,3.5,120,4,0.0122,0,0.079,0.008,0.154,-,-
500,3.5,120,4,0.0135,0,0.096,0.010,0.154,-,-
0,7,15,4,0.0000,0,0.000,0.002,0.150,-,-
50,7,15,4,0.0216,0,0.211,0.042,0.156,-,-
100,7,15,4,0.0432,0,0.509,0.253,0.156,I,I
150,7,15,4,0.0648,0,0.721,0.523,0.155,I,I
200,7,15,4,0.0864,0,0.901,0.737,0.154,I,I
250,7,15,4,0.1080,0,1.110,0.875,0.154,I,I
300,7,15,4,0.1296,0,1.389,0.942,0.154,I,I
350,7,15,4,0.1512,0,1.769,0.967,0.154,I,I
400,7,15,4,0.1728,0,2.268,0.975,0.154,I,I
450,7,15,4,0.1944,0,2.839,0.997,0.153,I,I
500,7,15,4,0.2160,0,3.505,1.054,0.150,I,I
0,7,30,4,0.0000,0,0.000,0.002,0.150,-,-
50,7,30,4,0.0108,0,0.063,0.006,0.154,-,-
100,7,30,4,0.0216,0,0.211,0.042,0.156,-,-
150,7,30,4,0.0324,0,0.370,0.129,0.156,-,-
200,7,30,4,0.0432,0,0.509,0.253,0.156,I,I
250,7,30,4,0.0540,0,0.623,0.390,0.156,I,I
300,7,30,4,0.0648,0,0.721,0.523,0.155,I,I
350,7,30,4,0.0756,0,0.811,0.639,0.155,I,I
400,7,30,4,0.0864,0,0.901,0.737,0.154,I,I
450,7,30,4,0.0972,0,0.999,0.816,0.154,I,I
500,7,30,4,0.1080,0,1.110,0.875,0.154,I,I
0,7,60,4,0.0000,0,0.000,0.002,0.150,-,-
50,7,60,4,0.0054,0,0.016,0.002,0.152,-,-
100,7,60,4,0.0108,0,0.063,0.006,0.154,-,-
150,7,60,4,0.0162,0,0.132,0.018,0.155,-,-
200,7,60,4,0.0216,0,0.211,0.042,0.156,-,-
250,7,60,4,0.0270,0,0.293,0.079,0.156,-,-
300,7,60,4,0.0324,0,0.370,0.129,0.156,-,-
350,7,60,4,0.0378,0,0.443,0.188,0.156,-,-
400,7,60,4,0.0432,0,0.509,0.253,0.156,I,I
450,7,60,4,0.0486,0,0.569,0.321,0.156,I,I
500,7,60,4,0.0540,0,0.623,0.390,0.156,I,I
0,7,120,4,0.0000,0,0.000,0.002,0.150,-,-
50,7,120,4,0.0027,0,0.003,0.002,0.151,-,-
100,7,120,4,0.0054,0,0.016,0.002,0.152,-,-
150,7,120,4,0.0081,0,0.036,0.003,0.153,-,-
200,7,120,4,0.0108,0,0.063,0.006,0.154,-,-
250,7,120,4,0.0135,0,0.096,0.010,0.154,-,-
300,7,120,4,0.0162,0,0.132,0.018,0.155,-,-
350,7,120,4,0.0189,0,0.171,0.028,0.155,-,-
400,7,120,4,0.0216,0,0.211,0.042,0.156,-,-
450,7,120,4,0.0243,0,0.252,0.059,0.156,-,-
500,7,120,4,0.0270,0,0.293,0.079,0.156,-,-
0,15,15,4,0.0000,0,0.000,0.002,0.150,-,-
50,15,15,4,0.0463,0,0.544,0.292,0.156,I,I
100,15,15,4,0.0926,0,0.956,0.784,0.154,I,I
150,15,15,4,0.1389,0,1.538,0.956,0.154,I,I
200,15,15,4,0.1852,0,2.586,0.985,0.154,I,I
250,15,15,4,0.2315,0,3.950,1.113,0.148,I,I
300,15,15,4,0.2778,0,5.192,1.353,0.150,I,I
350,15,15,4,0.3241,0,6.004,1.609,0.158,I,I
400,15,15,4,0.3704,0,6.580,1.767,0.162,I,I
450,15,15,4,0.4167,0,6.529,1.844,0.165,I,I
500,15,15,4,0.4630,0,6.441,1.833,0.164,I,I
0,15,30,4,0.0000,0,0.000,0.002,0.150,-,-
50,15,30,4,0.0231,0,0.235,0.051,0.156,-,-
100,15,30,4,0.0463,0,0.544,0.292,0.156,I,I
150,15,30,4,0.0694,0,0.760,0.575,0.155,I,I
200,15,30,4,0.0926,0,0.956,0.784,0.154,I,I
250,15,30,4,0.1157,0,1.199,0.906,0.154,I,I
300,15,30,4,0.1389,0,1.538,0.956,0.154,I,I
350,15,30,4,0.1620,0,2.007,0.971,0.154,I,I
400,15,30,4,0.1852,0,2.586,0.985,0.154,I,I
450,15,30,4,0.2083,0,3.260,1.032,0.151,I,I
500,15,30,4,0.2315,0,3.950,1.113,0.148,I,I
0,15,60,4,0.0000,0,0.000,0.002,0.150,-,-
50,15,60,4,0.0116,0,0.072,0.007,0.154,-,-
100,15,60,4,0.0231,0,0.235,0.051,0.156,-,-
150,15,60,4,0.0347,0,0.402,0.153,0.156,-,-
200,15,60,4,0.0463,0,0.544,0.292,0.156,I,I
250,15,60,4,0.0579,0,0.659,0.439,0.155,I,I
300,15,60,4,0.0694,0,0.760,0.575,0.155,I,I
350,15,60,4,0.0810,0,0.856,0.691,0.155,I,I
400,15,60,4,0.0926,0,0.956,0.784,0.154,I,I
450,15,60,4,0.1042,0,1.068,0.856,0.154,I,I
500,15,60,4,0.1157,0,1.199,0.906,0.154,I,I
0,15,120,4,0.0000,0,0.000,0.002,0.150,-,-
50,15,120,4,0.0058,0,0.018,0.002,0.152,-,-
100,15,120,4,0.0116,0,0.072,0.007,0.154,-,-
150,15,120,4,0.0174,0,0.149,0.022,0.155,-,-
200,15,120,4,0.0231,0,0.235,0.051,0.156,-,-
250,15,120,4,0.0289,0,0.321,0.095,0.156,-,-
300,15,120,4,0.0347,0,0.402,0.153,0.156,-,-
350,15,120,4,0.0405,0,0.477,0.220,0.156,-,-
400,15,120,4,0.0463,0,0.544,0.292,0.156,I,I
450,15,120,4,0.0521,0,0.604,0.366,0.156,I,I
500,15,120,4,0.0579,0,0.659,0.439,0.155,I,I
0,28,15,4,0.0000,0,0.000,0.002,0.150,-,-
50,28,15,4,0.0864,0,0.901,0.737,0.154,I,I
100,28,15,4,0.1728,0,2.268,0.975,0.154,I,I
150,28,15,4,0.2593,0,4.789,1.252,0.146,I,I
200,28,15,4,0.3457,0,6.295,1.687,0.161,I,I
250,28,15,4,0.4321,0,6.460,1.845,0.164,I,I
300,28,15,4,0.5185,1,6.471,1.694,0.163,I,I
350,28,15,4,0.6049,1,7.765,1.620,0.156,I,I
400,28,15,4,0.6914,1,9.482,1.882,0.159,I,I
450,28,15,4,0.7778,1,10.830,2.083,0.162,I,I
500,28,15,4,0.8642,1,12.249,1.909,0.176,I,I
0,28,30,4,0.0000,0,0.000,0.002,0.150,-,-
50,28,30,4,0.0432,0,0.509,0.253,0.156,I,I
100,28,30,4,0.0864,0,0.901,0.737,0.154,I,I
150,28,30,4,0.1296,0,1.389,0.942,0.154,I,I
200,28,30,4,0.1728,0,2.268,0.975,0.154,I,I
250,28,30,4,0.2160,0,3.505,1.054,0.150,I,I
300,28,30,4,0.2593,0,4.789,1.252,0.146,I,I
350,28,30,4,0.3025,0,5.632,1.514,0.155,I,I
400,28,30,4,0.3457,0,6.295,1.687,0.161,I,I
450,28,30,4,0.3889,0,6.630,1.817,0.163,I,I
500,28,30,4,0.4321,0,6.460,1.845,0.164,I,I
0,28,60,4,0.0000,0,0.000,0.002,0.150,-,-
50,28,60,4,0.0216,0,0.211,0.042,0.156,-,-
100,28,60,4,0.0432,0,0.509,0.253,0.156,I,I
150,28,60,4,0.0648,0,0.721,0.523,0.155,I,I
200,28,60,4,0.0864,0,0.901,0.737,0.154,I,I
250,28,60,4,0.1080,0,1.110,0.875,0.154,I,I
300,28,60,4,0.1296,0,1.389,0.942,0.154,I,I
350,28,60,4,0.1512,0,1.769,0.967,0.154,I,I
400,28,60,4,0.1728,0,2.268,0.975,0.154,I,I
450,28,60,4,0.1944,0,2.839,0.997,0.153,I,I
500,28,60,4,0.2160,0,3.505,1.054,0.150,I,I
0,28,120,4,0.0000,0,0.000,0.002,0.150,-,-
50,28,120,4,0.0108,0,0.063,0.006,0.154,-,-
100,28,120,4,0.0216,0,0.211,0.042,0.156,-,-
150,28,120,4,0.0324,0,0.370,0.129,0.156,-,-
200,28,120,4,0.0432,0,0.509,0.253,0.156,I,I
250,28,120,4,0.0540,0,0.623,0.390,0.156,I,I
300,28,120,4,0.0648,0,0.721,0.523,0.155,I,I
350,28,120,4,0.0756,0,0.811,0.639,0.155,I,I
400,28,120,4,0.0864,0,0.901,0.737,0.154,I,I
450,28,120,4,0.0972,0,0.999,0.816,0.154,I,I
500,28,120,4,0.1080,0,1.110,0.875,0.154,I,I
0,3.5,15,8,0.0000,0,0.000,0.003,0.369,-,-
50,3.5,15,8,0.0108,0,0.051,0.010,0.367,-,-
100,3.5,15,8,0.0216,0,0.138,0.058,0.364,-,-
150,3.5,15,8,0.0324,0,0.211,0.140,0.364,-,-
200,3.5,15,8,0.0432,0,0.268,0.226,0.363,-,-
250,3.5,15,8,0.0540,0,0.319,0.298,0.363,-,-
300,3.5,15,8,0.0648,0,0.376,0.352,0.363,-,-
350,3.5,15,8,0.0756,0,0.447,0.389,0.363,-,-
400,3.5,15,8,0.0864,0,0.540,0.413,0.363,I,I
450,3.5,15,8,0.0972,0,0.662,0.427,0.362,I,I
500,3.5,15,8,0.1080,0,0.818,0.436,0.362,I,I
0,3.5,30,8,0.0000,0,0.000,0.003,0.369,-,-
50,3.5,30,8,0.0054,0,0.014,0.004,0.368,-,-
100,3.5,30,8,0.0108,0,0.051,0.010,0.367,-,-
150,3.5,30,8,0.0162,0,0.095,0.028,0.365,-,-
200,3.5,30,8,0.0216,0,0.138,0.058,0.364,-,-
250,3.5,30,8,0.0270,0,0.177,0.097,0.364,-,-
300,3.5,30,8,0.0324,0,0.211,0.140,0.364,-,-
350,3.5,30,8,0.0378,0,0.241,0.184,0.363,-,-
400,3.5,30,8,0.0432,0,0.268,0.226,0.363,-,-
450,3.5,30,8,0.0486,0,0.293,0.264,0.363,-,-
500,3.5,30,8,0.0540,0,0.319,0.298,0.363,-,-
0,3.5,60,8,0.0000,0,0.000,0.003,0.369,-,-
50,3.5,60,8,0.0027,0,0.004,0.003,0.369,-,-
100,3.5,60,8,0.0054,0,0.014,0.004,0.368,-,-
150,3.5,60,8,0.0081,0,0.031,0.006,0.367,-,-
200,3.5,60,8,0.0108,0,0.051,0.010,0.367,-,-
250,3.5,60,8,0.0135,0,0.072,0.018,0.366,-,-
300,3.5,60,8,0.0162,0,0.095,0.028,0.365,-,-
350,3.5,60,8,0.0189,0,0.117,0.042,0.365,-,-
400,3.5,60,8,0.0216,0,0.138,0.058,0.364,-,-
450,3.5,60,8,0.0243,0,0.158,0.077,0.364,-,-
500,3.5,60,8,0.0270,0,0.177,0.097,0.364,-,-
0,3.5,120,8,0.0000,0,0.000,0.003,0.369,-,-
50,3.5,120,8,0.0014,0,0.001,0.003,0.369,-,-
100,3.5,120,8,0.0027,0,0.004,0.003,0.369,-,-
150,3.5,120,8,0.0041,0,0.008,0.004,0.369,-,-
200,3.5,120,8,0.0054,0,0.014,0.004,0.368,-,-
250,3.5,120,8,0.0068,0,0.022,0.005,0.368,-,-
300,3.5,120,8,0.0081,0,0.031,0.006,0.367,-,-
350,3.5,120,8,0.0095,0,0.040,0.008,0.367,-,-
400,3.5,120,8,0.0108,0,0.051,0.010,0.367,-,-
450,3.5,120,8,0.0122,0,0.061,0.014,0.366,-,-
500,3.5,120,8,0.0135,0,0.072,0.018,0.366,-,-
0,7,15,8,0.0000,0,0.000,0.003,0.369,-,-
50,7,15,8,0.0216,0,0.138,0.058,0.364,-,-
100,7,15,8,0.0432,0,0.268,0.226,0.363,-,-
150,7,15,8,0.0648,0,0.376,0.352,0.363,-,-
200,7,15,8,0.0864,0,0.540,0.413,0.363,I,I
250,7,15,8,0.1080,0,0.818,0.436,0.362,I,I
300,7,15,8,0.1296,0,1.239,0.457,0.361,I,I
350,7,15,8,0.1512,0,1.800,0.508,0.359,I,I
400,7,15,8,0.1728,0,2.434,0.611,0.357,I,I
450,7,15,8,0.1944,0,3.046,0.774,0.355,I,I
500,7,15,8,0.2160,0,3.716,0.989,0.353,I,I
0,7,30,8,0.0000,0,0.000,0.003,0.369,-,-
50,7,30,8,0.0108,0,0.051,0.010,0.367,-,-
100,7,30,8,0.0216,0,0.138,0.058,0.364,-,-
150,7,30,8,0.0324,0,0.211,0.140,0.364,-,-
200,7,30,8,0.0432,0,0.268,0.226,0.363,-,-
250,7,30,8,0.0540,0,0.319,0.298,0.363,-,-
300,7,30,8,0.0648,0,0.376,0.352,0.363,-,-
350,7,30,8,0.0756,0,0.447,0.389,0.363,-,-
400,7,30,8,0.0864,0,0.540,0.413,0.363,I,I
450,7,30,8,0.0972,0,0.662,0.427,0.362,I,I
500,7,30,8,0.1080,0,0.818,0.436,0.362,I,I
0,7,60,8,0.0000,0,0.000,0.003,0.369,-,-
50,7,60,8,0.0054,0,0.014,0.004,0.368,-,-
100,7,60,8,0.0108,0,0.051,0.010,0.367,-,-
150,7,60,8,0.0162,0,0.095,0.028,0.365,-,-
200,7,60,8,0.0216,0,0.138,0.058,0.364,-,-
250,7,60,8,0.0270,0,0.177,0.097,0.364,-,-
300,7,60,8,0.0324,0,0.211,0.140,0.364,-,-
350,7,60,8,0.0378,0,0.241,0.184,0.363,-,-
400,7,60,8,0.0432,0,0.268,0.226,0.363,-,-
450,7,60,8,0.0486,0,0.293,0.264,0.363,-,-
500,7,60,8,0.0540,0,0.319,0.298,0.363,-,-
0,7,120,8,0.0000,0,0.000,0.003,0.369,-,-
50,7,120,8,0.0027,0,0.004,0.003,0.369,-,-
100,7,120,8,0.0054,0,0.014,0.004,0.368,-,-
150,7,120,8,0.0081,0,0.031,0.006,0.367,-,-
200,7,120,8,0.0108,0,0.051,0.010,0.367,-,-
250,7,120,8,0.0135,0,0.072,0.018,0.366,-,-
300,7,120,8,0.0162,0,0.095,0.028,0.365,-,-
350,7,120,8,0.0189,0,0.117,0.042,0.365,-,-
400,7,120,8,0.0216,0,0.138,0.058,0.364,-,-
450,7,120,8,0.0243,0,0.158,0.077,0.364,-,-
500,7,120,8,0.0270,0,0.177,0.097,0.364,-,-
0,15,15,8,0.0000,0,0.000,0.003,0.369,-,-
50,15,15,8,0.0463,0,0.283,0.249,0.363,-,-
100,15,15,8,0.0926,0,0.606,0.422,0.363,I,I
150,15,15,8,0.1389,0,1.464,0.474,0.360,I,I
200,15,15,8,0.1852,0,2.790,0.697,0.356,I,I
250,15,15,8,0.2315,0,4.062,1.164,0.352,I,I
300,15,15,8,0.2778,0,4.735,1.652,0.350,I,I
350,15,15,8,0.3241,0,5.326,1.789,0.353,I,I
400,15,15,8,0.3704,0,6.213,2.280,0.354,I,I
450,15,15,8,0.4167,0,6.043,2.310,0.360,I,I
500,15,15,8,0.4630,0,5.627,1.950,0.362,I,I
0,15,30,8,0.0000,0,0.000,0.003,0.369,-,-
50,15,30,8,0.0231,0,0.150,0.069,0.364,-,-
100,15,30,8,0.0463,0,0.283,0.249,0.363,-,-
150,15,30,8,0.0694,0,0.404,0.370,0.363,-,-
200,15,30,8,0.0926,0,0.606,0.422,0.363,I,I
250,15,30,8,0.1157,0,0.951,0.442,0.362,I,I
300,15,30,8,0.1389,0,1.464,0.474,0.360,I,I
350,15,30,8,0.1620,0,2.115,0.552,0.358,I,I
400,15,30,8,0.1852,0,2.790,0.697,0.356,I,I
450,15,30,8,0.2083,0,3.522,0.907,0.354,I,I
500,15,30,8,0.2315,0,4.062,1.164,0.352,I,I
0,15,60,8,0.0000,0,0.000,0.003,0.369,-,-
50,15,60,8,0.0116,0,0.057,0.012,0.366,-,-
100,15,60,8,0.0231,0,0.150,0.069,0.364,-,-
150,15,60,8,0.0347,0,0.224,0.159,0.364,-,-
200,15,60,8,0.0463,0,0.283,0.249,0.363,-,-
250,15,60,8,0.0579,0,0.338,0.319,0.363,-,-
300,15,60,8,0.0694,0,0.404,0.370,0.363,-,-
350,15,60,8,0.0810,0,0.490,0.402,0.363,-,-
400,15,60,8,0.0926,0,0.606,0.422,0.363,I,I
450,15,60,8,0.1042,0,0.758,0.433,0.362,I,I
500,15,60,8,0.1157,0,0.951,0.442,0.362,I,I
0,15,120,8,0.0000,0,0.000,0.003,0.369,-,-
50,15,120,8,0.0058,0,0.016,0.004,0.368,-,-
100,15,120,8,0.0116,0,0.057,0.012,0.366,-,-
150,15,120,8,0.0174,0,0.105,0.034,0.365,-,-
200,15,120,8,0.0231,0,0.150,0.069,0.364,-,-
250,15,120,8,0.0289,0,0.190,0.112,0.364,-,-
300,15,120,8,0.0347,0,0.224,0.159,0.364,-,-
350,15,120,8,0.0405,0,0.255,0.206,0.363,-,-
400,15,120,8,0.0463,0,0.283,0.249,0.363,-,-
450,15,120,8,0.0521,0,0.310,0.287,0.363,-,-
500,15,120,8,0.0579,0,0.338,0.319,0.363,-,-
0,28,15,8,0.0000,0,0.000,0.003,0.369,-,-
50,28,15,8,0.0864,0,0.540,0.413,0.363,I,I
100,28,15,8,0.1728,0,2.434,0.611,0.357,I,I
150,28,15,8,0.2593,0,4.573,1.486,0.352,I,I
200,28,15,8,0.3457,0,5.853,2.058,0.350,I,I
250,28,15,8,0.4321,0,5.896,2.219,0.361,I,I
300,28,15,8,0.5185,1,5.487,1.364,0.365,I,I
350,28,15,8,0.6049,1,7.150,1.146,0.361,I,I
400,28,15,8,0.6914,1,8.657,1.374,0.358,I,I
450,28,15,8,0.7778,1,9.040,1.466,0.360,I,I
500,28,15,8,0.8642,1,11.375,1.313,0.371,I,I
0,28,30,8,0.0000,0,0.000,0.003,0.369,-,-
50,28,30,8,0.0432,0,0.268,0.226,0.363,-,-
100,28,30,8,0.0864,0,0.540,0.413,0.363,I,I
150,28,30,8,0.1296,0,1.239,0.457,0.361,I,I
200,28,30,8,0.1728,0,2.434,0.611,0.357,I,I
250,28,30,8,0.2160,0,3.716,0.989,0.353,I,I
300,28,30,8,0.2593,0,4.573,1.486,0.352,I,I
350,28,30,8,0.3025,0,4.938,1.715,0.352,I,I
400,28,30,8,0.3457,0,5.853,2.058,0.350,I,I
450,28,30,8,0.3889,0,6.243,2.358,0.357,I,I
500,28,30,8,0.4321,0,5.896,2.219,0.361,I,I
0,28,60,8,0.0000,0,0.000,0.003,0.369,-,-
50,28,60,8,0.0216,0,0.138,0.058,0.364,-,-
100,28,60,8,0.0432,0,0.268,0.226,0.363,-,-
150,28,60,8,0.0648,0,0.376,0.352,0.363,-,-
200,28,60,8,0.0864,0,0.540,0.413,0.363,I,I
250,28,60,8,0.1080,0,0.818,0.436,0.362,I,I
300,28,60,8,0.1296,0,1.239,0.457,0.361,I,I
350,28,60,8,0.1512,0,1.800,0.508,0.359,I,I
400,28,60,8,0.1728,0,2.434,0.611,0.357,I,I
450,28,60,8,0.1944,0,3.046,0.774,0.355,I,I
500,28,60,8,0.2160,0,3.716,0.989,0.353,I,I
0,28,120,8,0.0000,0,0.000,0.003,0.369,-,-
50,28,120,8,0.0108,0,0.051,0.010,0.367,-,-
100,28,120,8,0.0216,0,0.138,0.058,0.364,-,-
150,28,120,8,0.0324,0,0.211,0.140,0.364,-,-
200,28,120,8,0.0432,0,0.268,0.226,0.363,-,-
250,28,120,8,0.0540,0,0.319,0.298,0.363,-,-
300,28,120,8,0.0648,0,0.376,0.352,0.363,-,-
350,28,120,8,0.0756,0,0.447,0.389,0.363,-,-
400,28,120,8,0.0864,0,0.540,0.413,0.363,I,I
450,28,120,8,0.0972,0,0.662,0.427,0.362,I,I
500,28,120,8,0.1080,0,0.818,0.436,0.362,I,I
0,3.5,15,16,0.0000,0,0.000,0.006,0.842,-,E
50,3.5,15,16,0.0108,0,0.056,0.021,0.843,-,E
100,3.5,15,16,0.0216,0,0.124,0.095,0.846,-,E
150,3.5,15,16,0.0324,0,0.172,0.181,0.849,-,E
200,3.5,15,16,0.0432,0,0.217,0.244,0.850,-,E
250,3.5,15,16,0.0540,0,0.272,0.278,0.852,-,E
300,3.5,15,16,0.0648,0,0.351,0.292,0.855,-,E
350,3.5,15,16,0.0756,0,0.466,0.294,0.857,-,E
400,3.5,15,16,0.0864,0,0.625,0.292,0.860,I,E
450,3.5,15,16,0.0972,0,0.834,0.292,0.863,I,E
500,3.5,15,16,0.1080,0,1.093,0.302,0.865,I,I
0,3.5,30,16,0.0000,0,0.000,0.006,0.842,-,E
50,3.5,30,16,0.0054,0,0.018,0.008,0.841,-,E
100,3.5,30,16,0.0108,0,0.056,0.021,0.843,-,E
150,3.5,30,16,0.0162,0,0.093,0.052,0.845,-,E
200,3.5,30,16,0.0216,0,0.124,0.095,0.846,-,E
250,3.5,30,16,0.0270,0,0.150,0.140,0.848,-,E
300,3.5,30,16,0.0324,0,0.172,0.181,0.849,-,E
350,3.5,30,16,0.0378,0,0.194,0.216,0.849,-,E
400,3.5,30,16,0.0432,0,0.217,0.244,0.850,-,E
450,3.5,30,16,0.0486,0,0.242,0.264,0.851,-,E
500,3.5,30,16,0.0540,0,0.272,0.278,0.852,-,E
0,3.5,60,16,0.0000,0,0.000,0.006,0.842,-,E
50,3.5,60,16,0.0027,0,0.006,0.007,0.841,-,E
100,3.5,60,16,0.0054,0,0.018,0.008,0.841,-,E
150,3.5,60,16,0.0081,0,0.036,0.013,0.842,-,E
200,3.5,60,16,0.0108,0,0.056,0.021,0.843,-,E
250,3.5,60,16,0.0135,0,0.075,0.035,0.844,-,E
300,3.5,60,16,0.0162,0,0.093,0.052,0.845,-,E
350,3.5,60,16,0.0189,0,0.110,0.073,0.846,-,E
400,3.5,60,16,0.0216,0,0.124,0.095,0.846,-,E
450,3.5,60,16,0.0243,0,0.138,0.118,0.847,-,E
500,3.5,60,16,0.0270,0,0.150,0.140,0.848,-,E
0,3.5,120,16,0.0000,0,0.000,0.006,0.842,-,E
50,3.5,120,16,0.0014,0,0.002,0.007,0.841,-,E
100,3.5,120,16,0.0027,0,0.006,0.007,0.841,-,E
150,3.5,120,16,0.0041,0,0.011,0.007,0.841,-,E
200,3.5,120,16,0.0054,0,0.018,0.008,0.841,-,E
250,3.5,120,16,0.0068,0,0.027,0.010,0.842,-,E
300,3.5,120,16,0.0081,0,0.036,0.013,0.842,-,E
350,3.5,120,16,0.0095,0,0.046,0.016,0.843,-,E
400,3.5,120,16,0.0108,0,0.056,0.021,0.843,-,E
450,3.5,120,16,0.0122,0,0.066,0.028,0.844,-,E
500,3.5,120,16,0.0135,0,0.075,0.035,0.844,-,E
0,7,15,16,0.0000,0,0.000,0.006,0.842,-,E
50,7,15,16,0.0216,0,0.124,0.095,0.846,-,E
100,7,15,16,0.0432,0,0.217,0.244,0.850,-,E
150,7,15,16,0.0648,0,0.351,0.292,0.855,-,E
200,7,15,16,0.0864,0,0.625,0.292,0.860,I,E
250,7,15,16,0.1080,0,1.093,0.302,0.865,I,I
300,7,15,16,0.1296,0,1.736,0.376,0.870,I,I
350,7,15,16,0.1512,0,2.473,0.554,0.873,I,I
400,7,15,16,0.1728,0,3.191,0.846,0.875,I,I
450,7,15,16,0.1944,0,3.854,1.232,0.881,I,I
500,7,15,16,0.2160,0,4.430,1.671,0.880,I,I
0,7,30,16,0.0000,0,0.000,0.006,0.842,-,E
50,7,30,16,0.0108,0,0.056,0.021,0.843,-,E
100,7,30,16,0.0216,0,0.124,0.095,0.846,-,E
150,7,30,16,0.0324,0,0.172,0.181,0.849,-,E
200,7,30,16,0.0432,0,0.217,0.244,0.850,-,E
250,7,30,16,0.0540,0,0.272,0.278,0.852,-,E
300,7,30,16,0.0648,0,0.351,0.292,0.855,-,E
350,7,30,16,0.0756,0,0.466,0.294,0.857,-,E
400,7,30,16,0.0864,0,0.625,0.292,0.860,I,E
450,7,30,16,0.0972,0,0.834,0.292,0.863,I,E
500,7,30,16,0.1080,0,1.093,0.302,0.865,I,I
0,7,60,16,0.0000,0,0.000,0.006,0.842,-,E
50,7,60,16,0.0054,0,0.018,0.008,0.841,-,E
100,7,60,16,0.0108,0,0.056,0.021,0.843,-,E
150,7,60,16,0.0162,0,0.093,0.052,0.845,-,E
200,7,60,16,0.0216,0,0.124,0.095,0.846,-,E
250,7,60,16,0.0270,0,0.150,0.140,0.848,-,E
300,7,60,16,0.0324,0,0.172,0.181,0.849,-,E
350,7,60,16,0.0378,0,0.194,0.216,0.849,-,E
400,7,60,16,0.0432,0,0.217,0.244,0.850,-,E
450,7,60,16,0.0486,0,0.242,0.264,0.851,-,E
500,7,60,16,0.0540,0,0.272,0.278,0.852,-,E
0,7,120,16,0.0000,0,0.000,0.006,0.842,-,E
50,7,120,16,0.0027,0,0.006,0.007,0.841,-,E
100,7,120,16,0.0054,0,0.018,0.008,0.841,-,E
150,7,120,16,0.0081,0,0.036,0.013,0.842,-,E
200,7,120,16,0.0108,0,0.056,0.021,0.843,-,E
250,7,120,16,0.0135,0,0.075,0.035,0.844,-,E
300,7,120,16,0.0162,0,0.093,0.052,0.845,-,E
350,7,120,16,0.0189,0,0.110,0.073,0.846,-,E
400,7,120,16,0.0216,0,0.124,0.095,0.846,-,E
450,7,120,16,0.0243,0,0.138,0.118,0.847,-,E
500,7,120,16,0.0270,0,0.150,0.140,0.848,-,E
0,15,15,16,0.0000,0,0.000,0.006,0.842,-,E
50,15,15,16,0.0463,0,0.231,0.256,0.851,-,E
100,15,15,16,0.0926,0,0.738,0.291,0.862,I,E
150,15,15,16,0.1389,0,2.046,0.438,0.871,I,I
200,15,15,16,0.1852,0,3.568,1.057,0.878,I,I
250,15,15,16,0.2315,0,4.692,1.975,0.878,I,I
300,15,15,16,0.2778,0,4.785,2.359,0.869,I,I
350,15,15,16,0.3241,0,5.012,1.912,0.833,I,I
400,15,15,16,0.3704,0,6.352,2.721,0.829,I,I
450,15,15,16,0.4167,0,5.833,2.392,0.831,I,I
500,15,15,16,0.4630,0,5.166,1.684,0.841,I,I
0,15,30,16,0.0000,0,0.000,0.006,0.842,-,E
50,15,30,16,0.0231,0,0.132,0.108,0.847,-,E
100,15,30,16,0.0463,0,0.231,0.256,0.851,-,E
150,15,30,16,0.0694,0,0.395,0.294,0.856,-,E
200,15,30,16,0.0926,0,0.738,0.291,0.862,I,E
250,15,30,16,0.1157,0,1.306,0.318,0.867,I,I
300,15,30,16,0.1389,0,2.046,0.438,0.871,I,I
350,15,30,16,0.1620,0,2.842,0.686,0.874,I,I
400,15,30,16,0.1852,0,3.568,1.057,0.878,I,I
450,15,30,16,0.2083,0,4.252,1.516,0.881,I,I
500,15,30,16,0.2315,0,4.692,1.975,0.878,I,I
0,15,60,16,0.0000,0,0.000,0.006,0.842,-,E
50,15,60,16,0.0116,0,0.062,0.025,0.843,-,E
100,15,60,16,0.0231,0,0.132,0.108,0.847,-,E
150,15,60,16,0.0347,0,0.182,0.197,0.849,-,E
200,15,60,16,0.0463,0,0.231,0.256,0.851,-,E
250,15,60,16,0.0579,0,0.297,0.285,0.853,-,E
300,15,60,16,0.0694,0,0.395,0.294,0.856,-,E
350,15,60,16,0.0810,0,0.539,0.293,0.858,I,E
400,15,60,16,0.0926,0,0.738,0.291,0.862,I,E
450,15,60,16,0.1042,0,0.995,0.297,0.865,I,I
500,15,60,16,0.1157,0,1.306,0.318,0.867,I,I
0,15,120,16,0.0000,0,0.000,0.006,0.842,-,E
50,15,120,16,0.0058,0,0.021,0.008,0.841,-,E
100,15,120,16,0.0116,0,0.062,0.025,0.843,-,E
150,15,120,16,0.0174,0,0.100,0.061,0.845,-,E
200,15,120,16,0.0231,0,0.132,0.108,0.847,-,E
250,15,120,16,0.0289,0,0.158,0.155,0.848,-,E
300,15,120,16,0.0347,0,0.182,0.197,0.849,-,E
350,15,120,16,0.0405,0,0.205,0.231,0.850,-,E
400,15,120,16,0.0463,0,0.231,0.256,0.851,-,E
450,15,120,16,0.0521,0,0.261,0.273,0.852,-,E
500,15,120,16,0.0579,0,0.297,0.285,0.853,-,E
0,28,15,16,0.0000,0,0.000,0.006,0.842,-,E
50,28,15,16,0.0864,0,0.625,0.292,0.860,I,E
100,28,15,16,0.1728,0,3.191,0.846,0.875,I,I
150,28,15,16,0.2593,0,4.879,2.347,0.872,I,I
200,28,15,16,0.3457,0,5.948,2.506,0.826,I,I
250,28,15,16,0.4321,0,5.561,2.177,0.832,I,I
300,28,15,16,0.5185,1,5.392,0.912,0.844,I,I
350,28,15,16,0.6049,1,7.822,0.657,0.825,I,I
400,28,15,16,0.6914,1,9.013,0.882,0.844,I,I
450,28,15,16,0.7778,1,8.325,0.870,0.862,I,I
500,28,15,16,0.8642,1,11.644,1.388,0.861,I,I
0,28,30,16,0.0000,0,0.000,0.006,0.842,-,E
50,28,30,16,0.0432,0,0.217,0.244,0.850,-,E
100,28,30,16,0.0864,0,0.625,0.292,0.860,I,E
150,28,30,16,0.1296,0,1.736,0.376,0.870,I,I
200,28,30,16,0.1728,0,3.191,0.846,0.875,I,I
250,28,30,16,0.2160,0,4.430,1.671,0.880,I,I
300,28,30,16,0.2593,0,4.879,2.347,0.872,I,I
350,28,30,16,0.3025,0,4.617,1.973,0.859,I,I
400,28,30,16,0.3457,0,5.948,2.506,0.826,I,I
450,28,30,16,0.3889,0,6.264,2.679,0.829,I,I
500,28,30,16,0.4321,0,5.561,2.177,0.832,I,I
0,28,60,16,0.0000,0,0.000,0.006,0.842,-,E
50,28,60,16,0.0216,0,0.124,0.095,0.846,-,E
100,28,60,16,0.0432,0,0.217,0.244,0.850,-,E
150,28,60,16,0.0648,0,0.351,0.292,0.855,-,E
200,28,60,16,0.0864,0,0.625,0.292,0.860,I,E
250,28,60,16,0.1080,0,1.093,0.302,0.865,I,I
300,28,60,16,0.1296,0,1.736,0.376,0.870,I,I
350,28,60,16,0.1512,0,2.473,0.554,0.873,I,I
400,28,60,16,0.1728,0,3.191,0.846,0.875,I,I
450,28,60,16,0.1944,0,3.854,1.232,0.881,I,I
500,28,60,16,0.2160,0,4.430,1.671,0.880,I,I
0,28,120,16,0.0000,0,0.000,0.006,0.842,-,E
50,28,120,16,0.0108,0,0.056,0.021,0.843,-,E
100,28,120,16,0.0216,0,0.124,0.095,0.846,-,E
150,28,120,16,0.0324,0,0.172,0.181,0.849,-,E
200,28,120,16,0.0432,0,0.217,0.244,0.850,-,E
250,28,120,16,0.0540,0,0.272,0.278,0.852,-,E
300,28,120,16,0.0648,0,0.351,0.292,0.855,-,E
350,28,120,16,0.0756,0,0.466,0.294,0.857,-,E
400,28,120,16,0.0864,0,0.625,0.292,0.860,I,E
450,28,120,16,0.0972,0,0.834,0.292,0.863,I,E
500,28,120,16,0.1080,0,1.093,0.302,0.865,I,I
