# Pilot-residual weights in a flat versus a frequency-selective (3-tap) channel; loss against Optimal per subcarrier [dB], mean over 8 evaluation subcarriers and the realisations
# schema_version 1; generated by tests/multipath_pilots.js; seed 20160101; 500 realisations per row; paired (same phases, angles, data symbols and noise); epsilon from the CP method
# multipath: taps at 0 / 1 / 2.5 us (0 / 15.36 / 38.4 samples, CP 72 samples), tap power 0 / -3 / -6 dB, each tap carries the 4 Doppler paths of the literature (12 sub-paths, independent phases); flat: same 12 sub-paths with all delays 0
# receiver: H_hat_l by linear interpolation over frequency of the raw pilot estimates; global residual covariance from leave-one-out residuals (H_hat_k = mean of the two neighbouring raw estimates); gamma = gamma_rel sigma_n^2; constant H_hat = mean over all pilots
# rows "share ...": interpolation-error power / residual power at the pilots (value column = mean share, not dB): total = |H - H_hat_LOO|^2, curvature = |H - mean(H of the two neighbours)|^2 (true channel, no noise), rest = noise + ICI of the neighbours
Nr,snr_db,channel,method,mean,se,n
2,20,flat,PR none,0.1291,0.0056,500
2,20,multipath,PR none,4.8269,0.1249,500
2,20,flat,PR gamma_rel 0 dB,0.1171,0.0056,500
2,20,multipath,PR gamma_rel 0 dB,4.5513,0.1158,500
2,20,flat,PR gamma_rel +10 dB,0.3558,0.0189,500
2,20,multipath,PR gamma_rel +10 dB,3.2634,0.0844,500
2,20,flat,PR Ledoit-Wolf,0.1133,0.0053,500
2,20,multipath,PR Ledoit-Wolf,4.6609,0.1194,500
2,20,flat,PR 0 dB, constant H_hat (pilot mean),0.0802,0.0043,500
2,20,multipath,PR 0 dB, constant H_hat (pilot mean),4.8709,0.1261,500
2,20,flat,PR 0 dB, genie H (true H_k and H_l),0.0785,0.0042,500
2,20,multipath,PR 0 dB, genie H (true H_k and H_l),0.3512,0.0092,500
2,20,flat,share total,0.33550,0.00132,500
2,20,multipath,share total,0.95742,0.00158,500
2,20,flat,share curvature,0.00000,0.00000,500
2,20,multipath,share curvature,0.93744,0.00248,500
2,20,flat,share noise+ICI of neighbours,0.33550,0.00132,500
2,20,multipath,share noise+ICI of neighbours,0.02073,0.00061,500
2,30,flat,PR none,0.1109,0.0049,500
2,30,multipath,PR none,7.7482,0.1679,500
2,30,flat,PR gamma_rel 0 dB,0.1501,0.0066,500
2,30,multipath,PR gamma_rel 0 dB,7.6970,0.1669,500
2,30,flat,PR gamma_rel +10 dB,1.1366,0.0450,500
2,30,multipath,PR gamma_rel +10 dB,7.3638,0.1633,500
2,30,flat,PR Ledoit-Wolf,0.1176,0.0052,500
2,30,multipath,PR Ledoit-Wolf,7.5420,0.1641,500
2,30,flat,PR 0 dB, constant H_hat (pilot mean),0.1578,0.0071,500
2,30,multipath,PR 0 dB, constant H_hat (pilot mean),7.8410,0.1747,500
2,30,flat,PR 0 dB, genie H (true H_k and H_l),0.1542,0.0069,500
2,30,multipath,PR 0 dB, genie H (true H_k and H_l),1.6793,0.0417,500
2,30,flat,share total,0.33549,0.00154,500
2,30,multipath,share total,0.97480,0.00117,500
2,30,flat,share curvature,0.00000,0.00000,500
2,30,multipath,share curvature,0.96314,0.00181,500
2,30,flat,share noise+ICI of neighbours,0.33549,0.00154,500
2,30,multipath,share noise+ICI of neighbours,0.01236,0.00042,500
4,20,flat,PR none,0.3300,0.0081,500
4,20,multipath,PR none,7.8248,0.1269,500
4,20,flat,PR gamma_rel 0 dB,0.1931,0.0053,500
4,20,multipath,PR gamma_rel 0 dB,6.8524,0.1099,500
4,20,flat,PR gamma_rel +10 dB,0.4010,0.0221,500
4,20,multipath,PR gamma_rel +10 dB,4.7733,0.0868,500
4,20,flat,PR Ledoit-Wolf,0.2482,0.0067,500
4,20,multipath,PR Ledoit-Wolf,7.2715,0.1165,500
4,20,flat,PR 0 dB, constant H_hat (pilot mean),0.1033,0.0043,500
4,20,multipath,PR 0 dB, constant H_hat (pilot mean),7.7552,0.1216,500
4,20,flat,PR 0 dB, genie H (true H_k and H_l),0.1017,0.0041,500
4,20,multipath,PR 0 dB, genie H (true H_k and H_l),0.7250,0.0159,500
4,20,flat,share total,0.33465,0.00102,500
4,20,multipath,share total,0.96344,0.00109,500
4,20,flat,share curvature,0.00000,0.00000,500
4,20,multipath,share curvature,0.94581,0.00173,500
4,20,flat,share noise+ICI of neighbours,0.33465,0.00102,500
4,20,multipath,share noise+ICI of neighbours,0.01873,0.00042,500
4,30,flat,PR none,0.3088,0.0079,500
4,30,multipath,PR none,11.9579,0.1663,500
4,30,flat,PR gamma_rel 0 dB,0.1896,0.0058,500
4,30,multipath,PR gamma_rel 0 dB,11.3471,0.1542,500
4,30,flat,PR gamma_rel +10 dB,0.6697,0.0360,500
4,30,multipath,PR gamma_rel +10 dB,10.1266,0.1423,500
4,30,flat,PR Ledoit-Wolf,0.2483,0.0064,500
4,30,multipath,PR Ledoit-Wolf,10.6732,0.1444,500
4,30,flat,PR 0 dB, constant H_hat (pilot mean),0.1215,0.0055,500
4,30,multipath,PR 0 dB, constant H_hat (pilot mean),12.3800,0.1737,500
4,30,flat,PR 0 dB, genie H (true H_k and H_l),0.1204,0.0054,500
4,30,multipath,PR 0 dB, genie H (true H_k and H_l),2.0599,0.0409,500
4,30,flat,share total,0.33517,0.00148,500
4,30,multipath,share total,0.97833,0.00083,500
4,30,flat,share curvature,0.00000,0.00000,500
4,30,multipath,share curvature,0.96808,0.00133,500
4,30,flat,share noise+ICI of neighbours,0.33517,0.00148,500
4,30,multipath,share noise+ICI of neighbours,0.01110,0.00029,500
8,20,flat,PR none,0.7340,0.0119,500
8,20,multipath,PR none,9.7811,0.1542,500
8,20,flat,PR gamma_rel 0 dB,0.3163,0.0057,500
8,20,multipath,PR gamma_rel 0 dB,8.5947,0.1305,500
8,20,flat,PR gamma_rel +10 dB,0.3585,0.0227,500
8,20,multipath,PR gamma_rel +10 dB,6.5517,0.0969,500
8,20,flat,PR Ledoit-Wolf,0.5297,0.0097,500
8,20,multipath,PR Ledoit-Wolf,9.1653,0.1417,500
8,20,flat,PR 0 dB, constant H_hat (pilot mean),0.1439,0.0041,500
8,20,multipath,PR 0 dB, constant H_hat (pilot mean),9.1994,0.1382,500
8,20,flat,PR 0 dB, genie H (true H_k and H_l),0.1420,0.0039,500
8,20,multipath,PR 0 dB, genie H (true H_k and H_l),1.1814,0.0229,500
8,20,flat,share total,0.33318,0.00086,500
8,20,multipath,share total,0.96497,0.00074,500
8,20,flat,share curvature,0.00000,0.00000,500
8,20,multipath,share curvature,0.94785,0.00125,500
8,20,flat,share noise+ICI of neighbours,0.33318,0.00086,500
8,20,multipath,share noise+ICI of neighbours,0.01718,0.00023,500
8,30,flat,PR none,0.7045,0.0118,500
8,30,multipath,PR none,13.3876,0.1838,500
8,30,flat,PR gamma_rel 0 dB,0.3021,0.0060,500
8,30,multipath,PR gamma_rel 0 dB,12.5809,0.1674,500
8,30,flat,PR gamma_rel +10 dB,0.4055,0.0295,500
8,30,multipath,PR gamma_rel +10 dB,11.8892,0.1475,500
8,30,flat,PR Ledoit-Wolf,0.5346,0.0094,500
8,30,multipath,PR Ledoit-Wolf,12.1407,0.1553,500
8,30,flat,PR 0 dB, constant H_hat (pilot mean),0.1488,0.0041,500
8,30,multipath,PR 0 dB, constant H_hat (pilot mean),13.0217,0.1819,500
8,30,flat,PR 0 dB, genie H (true H_k and H_l),0.1477,0.0040,500
8,30,multipath,PR 0 dB, genie H (true H_k and H_l),2.1036,0.0415,500
8,30,flat,share total,0.33468,0.00146,500
8,30,multipath,share total,0.97958,0.00064,500
8,30,flat,share curvature,0.00000,0.00000,500
8,30,multipath,share curvature,0.96984,0.00109,500
8,30,flat,share noise+ICI of neighbours,0.33468,0.00146,500
8,30,multipath,share noise+ICI of neighbours,0.01025,0.00016,500
