# Pilot-residual covariance estimator versus the other weights; Nr = 8
# schema_version 1; generated by tests/pilot_residual_curves.js; seed 20160101; 500 realisations per row; paired; loss = SINR of the optimal weights (at the CP-estimated epsilon) minus the SINR of the method [dB]
# N 1024, delta_f 15 kHz, pilot spacing 12 (86 pilots per symbol), Ncp 72, 4 paths (Doppler 1080 / -1080 / 758 / 220 Hz, relative power 0 / 0 / -11 / -0.7 dB), random phases and random angles U(-90, 90) deg (A3, A4), SNR as A1
# m independent OFDM symbols of the same channel; epsilon_hat from the first symbol (CP method, noisy samples); H_hat averaged over the pilots of all m symbols; PR = pilot residual R_res = (1/n) sum d d^H, d = Y_k - H_hat X_k; gamma = gamma_rel sigma_n^2
# PR Ledoit-Wolf: linear shrinkage of R_res toward mu I (Ledoit & Wolf 2004, J. Multivariate Anal. 88(2):365-411; complex-data version of the same formulas); mean_sinr_db = mean SINR of the method (= mean SINR_opt - mean loss)
Nr,snr_db,m,method,mean_loss_db,se_db,mean_sinr_db,n
8,10,1,Estimated (sample R_yy with signal),7.9508,0.0784,10.7222,500
8,10,2,Estimated (sample R_yy with signal),5.6412,0.0691,13.0318,500
8,10,4,Estimated (sample R_yy with signal),3.7095,0.0565,14.9635,500
8,10,8,Estimated (sample R_yy with signal),2.3132,0.0393,16.3598,500
8,10,1,PR no loading,0.3723,0.0064,18.3007,500
8,10,2,PR no loading,0.1830,0.0030,18.4901,500
8,10,4,PR no loading,0.0904,0.0015,18.5827,500
8,10,8,PR no loading,0.0460,0.0008,18.6270,500
8,10,1,PR gamma_rel 0 dB,0.1121,0.0023,18.5610,500
8,10,2,PR gamma_rel 0 dB,0.0625,0.0014,18.6105,500
8,10,4,PR gamma_rel 0 dB,0.0375,0.0012,18.6355,500
8,10,8,PR gamma_rel 0 dB,0.0245,0.0010,18.6485,500
8,10,1,PR gamma_rel +10 dB,0.0729,0.0048,18.6002,500
8,10,2,PR gamma_rel +10 dB,0.0668,0.0047,18.6063,500
8,10,4,PR gamma_rel +10 dB,0.0646,0.0047,18.6085,500
8,10,8,PR gamma_rel +10 dB,0.0629,0.0047,18.6101,500
8,10,1,PR Ledoit-Wolf,0.0932,0.0028,18.5799,500
8,10,2,PR Ledoit-Wolf,0.0723,0.0017,18.6007,500
8,10,4,PR Ledoit-Wolf,0.0520,0.0010,18.6210,500
8,10,8,PR Ledoit-Wolf,0.0332,0.0006,18.6398,500
8,10,1,PR +10 dB with true H (genie),0.0663,0.0048,18.6068,500
8,10,2,PR +10 dB with true H (genie),0.0640,0.0047,18.6091,500
8,10,4,PR +10 dB with true H (genie),0.0631,0.0047,18.6100,500
8,10,8,PR +10 dB with true H (genie),0.0623,0.0047,18.6107,500
8,10,1,PR +10 dB corrected n/(n-1),0.0727,0.0048,18.6003,500
8,10,2,PR +10 dB corrected n/(n-1),0.0667,0.0047,18.6064,500
8,10,4,PR +10 dB corrected n/(n-1),0.0645,0.0047,18.6085,500
8,10,8,PR +10 dB corrected n/(n-1),0.0629,0.0047,18.6101,500
8,10,1,Genie signal-free sample covariance,0.0356,0.0006,18.6374,500
8,10,2,Genie signal-free sample covariance,0.0174,0.0003,18.6556,500
8,10,4,Genie signal-free sample covariance,0.0090,0.0002,18.6640,500
8,10,8,Genie signal-free sample covariance,0.0043,0.0001,18.6687,500
8,10,1,AD-MF (genie),0.7544,0.0331,17.9187,500
8,10,2,AD-MF (genie),0.7544,0.0331,17.9187,500
8,10,4,AD-MF (genie),0.7544,0.0331,17.9187,500
8,10,8,AD-MF (genie),0.7544,0.0331,17.9187,500
8,20,1,Estimated (sample R_yy with signal),16.9282,0.1024,11.4127,500
8,20,2,Estimated (sample R_yy with signal),14.0175,0.1054,14.3233,500
8,20,4,Estimated (sample R_yy with signal),11.1214,0.1001,17.2194,500
8,20,8,Estimated (sample R_yy with signal),8.4835,0.0881,19.8574,500
8,20,1,PR no loading,0.3645,0.0059,27.9763,500
8,20,2,PR no loading,0.1755,0.0029,28.1654,500
8,20,4,PR no loading,0.0877,0.0015,28.2532,500
8,20,8,PR no loading,0.0445,0.0007,28.2964,500
8,20,1,PR gamma_rel 0 dB,0.1469,0.0041,28.1940,500
8,20,2,PR gamma_rel 0 dB,0.0888,0.0034,28.2520,500
8,20,4,PR gamma_rel 0 dB,0.0598,0.0030,28.2810,500
8,20,8,PR gamma_rel 0 dB,0.0447,0.0027,28.2961,500
8,20,1,PR gamma_rel +10 dB,0.4543,0.0297,27.8866,500
8,20,2,PR gamma_rel +10 dB,0.4424,0.0297,27.8985,500
8,20,4,PR gamma_rel +10 dB,0.4364,0.0293,27.9045,500
8,20,8,PR gamma_rel +10 dB,0.4319,0.0291,27.9090,500
8,20,1,PR Ledoit-Wolf,0.2995,0.0051,28.0413,500
8,20,2,PR Ledoit-Wolf,0.1592,0.0028,28.1817,500
8,20,4,PR Ledoit-Wolf,0.0835,0.0014,28.2574,500
8,20,8,PR Ledoit-Wolf,0.0433,0.0007,28.2975,500
8,20,1,PR +10 dB with true H (genie),0.4491,0.0294,27.8918,500
8,20,2,PR +10 dB with true H (genie),0.4397,0.0295,27.9012,500
8,20,4,PR +10 dB with true H (genie),0.4348,0.0293,27.9061,500
8,20,8,PR +10 dB with true H (genie),0.4312,0.0291,27.9097,500
8,20,1,PR +10 dB corrected n/(n-1),0.4510,0.0295,27.8899,500
8,20,2,PR +10 dB corrected n/(n-1),0.4407,0.0296,27.9002,500
8,20,4,PR +10 dB corrected n/(n-1),0.4355,0.0292,27.9053,500
8,20,8,PR +10 dB corrected n/(n-1),0.4314,0.0291,27.9094,500
8,20,1,Genie signal-free sample covariance,0.0299,0.0005,28.3109,500
8,20,2,Genie signal-free sample covariance,0.0148,0.0003,28.3260,500
8,20,4,Genie signal-free sample covariance,0.0076,0.0001,28.3333,500
8,20,8,Genie signal-free sample covariance,0.0038,0.0001,28.3371,500
8,20,1,AD-MF (genie),2.8155,0.1115,25.5253,500
8,20,2,AD-MF (genie),2.8155,0.1115,25.5253,500
8,20,4,AD-MF (genie),2.8155,0.1115,25.5253,500
8,20,8,AD-MF (genie),2.8155,0.1115,25.5253,500
8,30,1,Estimated (sample R_yy with signal),25.9509,0.1090,11.5727,500
8,30,2,Estimated (sample R_yy with signal),22.9152,0.1072,14.6084,500
8,30,4,Estimated (sample R_yy with signal),19.9654,0.1087,17.5581,500
8,30,8,Estimated (sample R_yy with signal),16.9487,0.1071,20.5748,500
8,30,1,PR no loading,0.3638,0.0060,37.1598,500
8,30,2,PR no loading,0.1780,0.0029,37.3456,500
8,30,4,PR no loading,0.0889,0.0015,37.4346,500
8,30,8,PR no loading,0.0447,0.0007,37.4789,500
8,30,1,PR gamma_rel 0 dB,0.1460,0.0037,37.3776,500
8,30,2,PR gamma_rel 0 dB,0.0862,0.0027,37.4373,500
8,30,4,PR gamma_rel 0 dB,0.0557,0.0023,37.4678,500
8,30,8,PR gamma_rel 0 dB,0.0404,0.0022,37.4832,500
8,30,1,PR gamma_rel +10 dB,0.4775,0.0393,37.0461,500
8,30,2,PR gamma_rel +10 dB,0.4525,0.0386,37.0711,500
8,30,4,PR gamma_rel +10 dB,0.4390,0.0383,37.0846,500
8,30,8,PR gamma_rel +10 dB,0.4334,0.0381,37.0901,500
8,30,1,PR Ledoit-Wolf,0.2772,0.0046,37.2464,500
8,30,2,PR Ledoit-Wolf,0.1552,0.0026,37.3684,500
8,30,4,PR Ledoit-Wolf,0.0831,0.0014,37.4405,500
8,30,8,PR Ledoit-Wolf,0.0432,0.0007,37.4804,500
8,30,1,PR +10 dB with true H (genie),0.4713,0.0389,37.0522,500
8,30,2,PR +10 dB with true H (genie),0.4499,0.0384,37.0737,500
8,30,4,PR +10 dB with true H (genie),0.4369,0.0381,37.0867,500
8,30,8,PR +10 dB with true H (genie),0.4324,0.0381,37.0912,500
8,30,1,PR +10 dB corrected n/(n-1),0.4724,0.0389,37.0512,500
8,30,2,PR +10 dB corrected n/(n-1),0.4499,0.0384,37.0737,500
8,30,4,PR +10 dB corrected n/(n-1),0.4377,0.0382,37.0859,500
8,30,8,PR +10 dB corrected n/(n-1),0.4328,0.0381,37.0908,500
8,30,1,Genie signal-free sample covariance,0.0304,0.0005,37.4932,500
8,30,2,Genie signal-free sample covariance,0.0149,0.0003,37.5087,500
8,30,4,Genie signal-free sample covariance,0.0075,0.0001,37.5161,500
8,30,8,Genie signal-free sample covariance,0.0037,0.0001,37.5198,500
8,30,1,AD-MF (genie),7.8236,0.2301,29.6999,500
8,30,2,AD-MF (genie),7.8236,0.2301,29.6999,500
8,30,4,AD-MF (genie),7.8236,0.2301,29.6999,500
8,30,8,AD-MF (genie),7.8236,0.2301,29.6999,500
8,35,1,Estimated (sample R_yy with signal),29.8252,0.1049,11.5729,500
8,35,2,Estimated (sample R_yy with signal),26.7824,0.1117,14.6158,500
8,35,4,Estimated (sample R_yy with signal),23.7207,0.1134,17.6775,500
8,35,8,Estimated (sample R_yy with signal),20.5922,0.1152,20.8060,500
8,35,1,PR no loading,0.3773,0.0064,41.0208,500
8,35,2,PR no loading,0.1794,0.0030,41.2188,500
8,35,4,PR no loading,0.0899,0.0015,41.3082,500
8,35,8,PR no loading,0.0439,0.0007,41.3542,500
8,35,1,PR gamma_rel 0 dB,0.1911,0.0037,41.2071,500
8,35,2,PR gamma_rel 0 dB,0.1233,0.0023,41.2749,500
8,35,4,PR gamma_rel 0 dB,0.0916,0.0018,41.3066,500
8,35,8,PR gamma_rel 0 dB,0.0758,0.0016,41.3223,500
8,35,1,PR gamma_rel +10 dB,0.4941,0.0290,40.9040,500
8,35,2,PR gamma_rel +10 dB,0.4678,0.0282,40.9304,500
8,35,4,PR gamma_rel +10 dB,0.4544,0.0278,40.9437,500
8,35,8,PR gamma_rel +10 dB,0.4474,0.0277,40.9507,500
8,35,1,PR Ledoit-Wolf,0.2317,0.0042,41.1664,500
8,35,2,PR Ledoit-Wolf,0.1359,0.0023,41.2622,500
8,35,4,PR Ledoit-Wolf,0.0775,0.0013,41.3207,500
8,35,8,PR Ledoit-Wolf,0.0408,0.0007,41.3574,500
8,35,1,PR +10 dB with true H (genie),0.4885,0.0286,40.9097,500
8,35,2,PR +10 dB with true H (genie),0.4650,0.0280,40.9331,500
8,35,4,PR +10 dB with true H (genie),0.4530,0.0277,40.9451,500
8,35,8,PR +10 dB with true H (genie),0.4468,0.0277,40.9513,500
8,35,1,PR +10 dB corrected n/(n-1),0.4903,0.0287,40.9079,500
8,35,2,PR +10 dB corrected n/(n-1),0.4658,0.0280,40.9323,500
8,35,4,PR +10 dB corrected n/(n-1),0.4534,0.0277,40.9447,500
8,35,8,PR +10 dB corrected n/(n-1),0.4469,0.0277,40.9512,500
8,35,1,Genie signal-free sample covariance,0.0310,0.0005,41.3672,500
8,35,2,Genie signal-free sample covariance,0.0152,0.0003,41.3830,500
8,35,4,Genie signal-free sample covariance,0.0074,0.0001,41.3908,500
8,35,8,Genie signal-free sample covariance,0.0037,0.0001,41.3945,500
8,35,1,AD-MF (genie),10.7321,0.2798,30.6661,500
8,35,2,AD-MF (genie),10.7321,0.2798,30.6661,500
8,35,4,AD-MF (genie),10.7321,0.2798,30.6661,500
8,35,8,AD-MF (genie),10.7321,0.2798,30.6661,500
