# Sensitivity of the results to the assumptions A2, A4, A5, A6 (SNR 20 and 35 dB); one setting changed at a time
# schema_version 1; generated by tests/reproduce_gopala_slock.js; seed 20160101
# N 1024, delta_f 15000 Hz, Nr 2, Ncp 72 (7 %), pilot spacing 12, sigma_x^2 1, QPSK
# paths (Doppler Hz / relative power dB): 1080 / 0 (LoS, assumption A2), -1080 / 0, 758 / -11, 220 / -0.7; random phases (A3); SNR = sigma_x^2 sum|A_i|^2 / sigma_n^2 per antenna (A1)
# angles: not given in the paper: fixed set F1 = 0, 25, -35, 55 deg, or drawn from U(-90, 90) deg for every realisation (A4)
# every point: mean of the per-realisation SINR in dB and its standard error (SE = sample standard deviation / sqrt(n)); see docs/ofdm_ici_assumptions.md
scenario,curve,snr_db,mean,se,n
A4 angles: random U(-90; 90) (main),optCp,20,20.7651,0.2329,200
A4 angles: random U(-90; 90) (main),optCp,35,33.5913,0.2990,200
A4 angles: random U(-90; 90) (main),optNone,20,20.2686,0.2681,200
A4 angles: random U(-90; 90) (main),optNone,35,32.8257,0.3399,200
A4 angles: random U(-90; 90) (main),optLos,20,17.4879,0.1965,200
A4 angles: random U(-90; 90) (main),optLos,35,29.2231,0.3556,200
A4 angles: random U(-90; 90) (main),mrc,20,19.3001,0.2976,200
A4 angles: random U(-90; 90) (main),mrc,35,23.8006,0.4574,200
A4 angles: random U(-90; 90) (main),single,20,14.7143,0.4451,200
A4 angles: random U(-90; 90) (main),single,35,18.9105,0.6293,200
A4 angles: random U(-90; 90) (main),est,20,17.6440,0.2101,200
A4 angles: random U(-90; 90) (main),est,35,21.5280,0.3173,200
A4 angles: random U(-90; 90) (main),apxCp,20,20.7644,0.2330,200
A4 angles: random U(-90; 90) (main),apxCp,35,33.5867,0.2994,200
A4 angles: random U(-90; 90) (main),mean |eps_CP|,,0.0273,0.0025,200
A4 angles: random U(-60; 60),optCp,20,20.6830,0.2532,200
A4 angles: random U(-60; 60),optCp,35,33.6556,0.3205,200
A4 angles: random U(-60; 60),optNone,20,20.2085,0.2788,200
A4 angles: random U(-60; 60),optNone,35,33.0005,0.3276,200
A4 angles: random U(-60; 60),optLos,20,17.4924,0.1948,200
A4 angles: random U(-60; 60),optLos,35,29.4770,0.3366,200
A4 angles: random U(-60; 60),mrc,20,19.2014,0.3148,200
A4 angles: random U(-60; 60),mrc,35,23.8053,0.4777,200
A4 angles: random U(-60; 60),single,20,14.7143,0.4451,200
A4 angles: random U(-60; 60),single,35,18.9105,0.6293,200
A4 angles: random U(-60; 60),est,20,17.4698,0.2252,200
A4 angles: random U(-60; 60),est,35,21.6261,0.3355,200
A4 angles: random U(-60; 60),apxCp,20,20.6796,0.2541,200
A4 angles: random U(-60; 60),apxCp,35,33.6490,0.3215,200
A4 angles: random U(-60; 60),mean |eps_CP|,,0.0305,0.0032,200
A4 angles: fixed F1 = 0; 25; -35; 55,optCp,20,20.6655,0.2389,200
A4 angles: fixed F1 = 0; 25; -35; 55,optCp,35,33.5621,0.3256,200
A4 angles: fixed F1 = 0; 25; -35; 55,optNone,20,20.3137,0.2720,200
A4 angles: fixed F1 = 0; 25; -35; 55,optNone,35,33.1061,0.3523,200
A4 angles: fixed F1 = 0; 25; -35; 55,optLos,20,17.5932,0.1403,200
A4 angles: fixed F1 = 0; 25; -35; 55,optLos,35,29.5994,0.2684,200
A4 angles: fixed F1 = 0; 25; -35; 55,mrc,20,19.3907,0.3003,200
A4 angles: fixed F1 = 0; 25; -35; 55,mrc,35,24.1541,0.4919,200
A4 angles: fixed F1 = 0; 25; -35; 55,single,20,14.7143,0.4451,200
A4 angles: fixed F1 = 0; 25; -35; 55,single,35,18.9105,0.6293,200
A4 angles: fixed F1 = 0; 25; -35; 55,est,20,17.3775,0.2080,200
A4 angles: fixed F1 = 0; 25; -35; 55,est,35,21.4106,0.3344,200
A4 angles: fixed F1 = 0; 25; -35; 55,apxCp,20,20.6645,0.2390,200
A4 angles: fixed F1 = 0; 25; -35; 55,apxCp,35,33.5575,0.3259,200
A4 angles: fixed F1 = 0; 25; -35; 55,mean |eps_CP|,,0.0245,0.0026,200
A4 angles: fixed F2 = 10; -20; 40; -60,optCp,20,20.9817,0.2689,200
A4 angles: fixed F2 = 10; -20; 40; -60,optCp,35,34.0841,0.3531,200
A4 angles: fixed F2 = 10; -20; 40; -60,optNone,20,20.7461,0.2883,200
A4 angles: fixed F2 = 10; -20; 40; -60,optNone,35,33.8211,0.3509,200
A4 angles: fixed F2 = 10; -20; 40; -60,optLos,20,17.9956,0.1859,200
A4 angles: fixed F2 = 10; -20; 40; -60,optLos,35,30.5157,0.2791,200
A4 angles: fixed F2 = 10; -20; 40; -60,mrc,20,19.8616,0.3216,200
A4 angles: fixed F2 = 10; -20; 40; -60,mrc,35,25.0132,0.5108,200
A4 angles: fixed F2 = 10; -20; 40; -60,single,20,14.7143,0.4451,200
A4 angles: fixed F2 = 10; -20; 40; -60,single,35,18.9105,0.6293,200
A4 angles: fixed F2 = 10; -20; 40; -60,est,20,17.4572,0.2403,200
A4 angles: fixed F2 = 10; -20; 40; -60,est,35,21.5319,0.3332,200
A4 angles: fixed F2 = 10; -20; 40; -60,apxCp,20,20.9793,0.2693,200
A4 angles: fixed F2 = 10; -20; 40; -60,apxCp,35,34.0770,0.3540,200
A4 angles: fixed F2 = 10; -20; 40; -60,mean |eps_CP|,,0.0239,0.0030,200
A4 angles: fixed F3 = -5; 5; 15; 45,optCp,20,20.3652,0.2243,200
A4 angles: fixed F3 = -5; 5; 15; 45,optCp,35,33.0021,0.2315,200
A4 angles: fixed F3 = -5; 5; 15; 45,optNone,20,20.1468,0.2350,200
A4 angles: fixed F3 = -5; 5; 15; 45,optNone,35,32.7170,0.2312,200
A4 angles: fixed F3 = -5; 5; 15; 45,optLos,20,17.0844,0.0659,200
A4 angles: fixed F3 = -5; 5; 15; 45,optLos,35,27.7571,0.2834,200
A4 angles: fixed F3 = -5; 5; 15; 45,mrc,20,19.0777,0.2887,200
A4 angles: fixed F3 = -5; 5; 15; 45,mrc,35,23.6965,0.4919,200
A4 angles: fixed F3 = -5; 5; 15; 45,single,20,14.7143,0.4451,200
A4 angles: fixed F3 = -5; 5; 15; 45,single,35,18.9105,0.6293,200
A4 angles: fixed F3 = -5; 5; 15; 45,est,20,17.1139,0.1836,200
A4 angles: fixed F3 = -5; 5; 15; 45,est,35,21.3456,0.3189,200
A4 angles: fixed F3 = -5; 5; 15; 45,apxCp,20,20.3646,0.2243,200
A4 angles: fixed F3 = -5; 5; 15; 45,apxCp,35,32.9953,0.2314,200
A4 angles: fixed F3 = -5; 5; 15; 45,mean |eps_CP|,,0.0200,0.0019,200
A2 LoS = path 2 (-1080 Hz) instead of path 1,optCp,20,20.7651,0.2329,200
A2 LoS = path 2 (-1080 Hz) instead of path 1,optCp,35,33.5913,0.2990,200
A2 LoS = path 2 (-1080 Hz) instead of path 1,optNone,20,20.2686,0.2681,200
A2 LoS = path 2 (-1080 Hz) instead of path 1,optNone,35,32.8257,0.3399,200
A2 LoS = path 2 (-1080 Hz) instead of path 1,optLos,20,17.0722,0.1813,200
A2 LoS = path 2 (-1080 Hz) instead of path 1,optLos,35,28.8251,0.3353,200
A2 LoS = path 2 (-1080 Hz) instead of path 1,mrc,20,19.3001,0.2976,200
A2 LoS = path 2 (-1080 Hz) instead of path 1,mrc,35,23.8006,0.4574,200
A2 LoS = path 2 (-1080 Hz) instead of path 1,single,20,14.7143,0.4451,200
A2 LoS = path 2 (-1080 Hz) instead of path 1,single,35,18.9105,0.6293,200
A2 LoS = path 2 (-1080 Hz) instead of path 1,est,20,17.6440,0.2101,200
A2 LoS = path 2 (-1080 Hz) instead of path 1,est,35,21.5280,0.3173,200
A2 LoS = path 2 (-1080 Hz) instead of path 1,apxCp,20,20.7644,0.2330,200
A2 LoS = path 2 (-1080 Hz) instead of path 1,apxCp,35,33.5867,0.2994,200
A2 LoS = path 2 (-1080 Hz) instead of path 1,mean |eps_CP|,,0.0273,0.0025,200
A5 CP length 14 % (Ncp = 144) instead of 7 %,optCp,20,20.7636,0.2330,200
A5 CP length 14 % (Ncp = 144) instead of 7 %,optCp,35,33.5890,0.2992,200
A5 CP length 14 % (Ncp = 144) instead of 7 %,optNone,20,20.2686,0.2681,200
A5 CP length 14 % (Ncp = 144) instead of 7 %,optNone,35,32.8257,0.3399,200
A5 CP length 14 % (Ncp = 144) instead of 7 %,optLos,20,17.4879,0.1965,200
A5 CP length 14 % (Ncp = 144) instead of 7 %,optLos,35,29.2231,0.3556,200
A5 CP length 14 % (Ncp = 144) instead of 7 %,mrc,20,19.3001,0.2976,200
A5 CP length 14 % (Ncp = 144) instead of 7 %,mrc,35,23.8006,0.4574,200
A5 CP length 14 % (Ncp = 144) instead of 7 %,single,20,14.7143,0.4451,200
A5 CP length 14 % (Ncp = 144) instead of 7 %,single,35,18.9105,0.6293,200
A5 CP length 14 % (Ncp = 144) instead of 7 %,est,20,17.1739,0.2240,200
A5 CP length 14 % (Ncp = 144) instead of 7 %,est,35,21.3725,0.3270,200
A5 CP length 14 % (Ncp = 144) instead of 7 %,apxCp,20,20.7628,0.2331,200
A5 CP length 14 % (Ncp = 144) instead of 7 %,apxCp,35,33.5843,0.2996,200
A5 CP length 14 % (Ncp = 144) instead of 7 %,mean |eps_CP|,,0.0273,0.0025,200
A6 Doppler x0.5 (all paths),optCp,20,21.4780,0.2255,200
A6 Doppler x0.5 (all paths),optCp,35,34.6026,0.2803,200
A6 Doppler x0.5 (all paths),optNone,20,21.2279,0.2428,200
A6 Doppler x0.5 (all paths),optNone,35,33.9059,0.3284,200
A6 Doppler x0.5 (all paths),optLos,20,19.6088,0.1839,200
A6 Doppler x0.5 (all paths),optLos,35,30.1418,0.2946,200
A6 Doppler x0.5 (all paths),mrc,20,21.0651,0.2485,200
A6 Doppler x0.5 (all paths),mrc,35,29.0586,0.4168,200
A6 Doppler x0.5 (all paths),single,20,16.8482,0.3812,200
A6 Doppler x0.5 (all paths),single,35,24.1217,0.5531,200
A6 Doppler x0.5 (all paths),est,20,18.0957,0.2094,200
A6 Doppler x0.5 (all paths),est,35,21.6117,0.3252,200
A6 Doppler x0.5 (all paths),apxCp,20,21.4780,0.2256,200
A6 Doppler x0.5 (all paths),apxCp,35,34.6025,0.2803,200
A6 Doppler x0.5 (all paths),mean |eps_CP|,,0.0127,0.0012,200
A6 Doppler x2 (all paths),optCp,20,19.5145,0.2615,200
A6 Doppler x2 (all paths),optCp,35,29.4097,0.3318,200
A6 Doppler x2 (all paths),optNone,20,18.8956,0.2872,200
A6 Doppler x2 (all paths),optNone,35,28.6904,0.2877,200
A6 Doppler x2 (all paths),optLos,20,15.6611,0.2577,200
A6 Doppler x2 (all paths),optLos,35,26.9169,0.3763,200
A6 Doppler x2 (all paths),mrc,20,15.8092,0.3540,200
A6 Doppler x2 (all paths),mrc,35,17.6883,0.4487,200
A6 Doppler x2 (all paths),single,20,10.9694,0.5130,200
A6 Doppler x2 (all paths),single,35,12.8175,0.6246,200
A6 Doppler x2 (all paths),est,20,16.7818,0.2240,200
A6 Doppler x2 (all paths),est,35,20.6074,0.2939,200
A6 Doppler x2 (all paths),apxCp,20,19.4952,0.2633,200
A6 Doppler x2 (all paths),apxCp,35,29.3248,0.3372,200
A6 Doppler x2 (all paths),mean |eps_CP|,,0.0690,0.0058,200
