# Fig. 2 type: demodulation frequency (eps) chosen by different methods, 10 channel realisations at SNR 20 dB; the simplified approximation of eq. (24) is not implemented (formula not given)
# schema_version 1; generated by tests/reproduce_gopala_slock.js; seed 20160101
# N 1024, delta_f 15000 Hz, Nr 2, Ncp 72 (7 %), pilot spacing 12, sigma_x^2 1, QPSK
# paths (Doppler Hz / relative power dB): 1080 / 0 (LoS, assumption A2), -1080 / 0, 758 / -11, 220 / -0.7; random phases (A3); SNR = sigma_x^2 sum|A_i|^2 / sigma_n^2 per antenna (A1)
# angles: not given in the paper: fixed set F1 = 0, 25, -35, 55 deg, or drawn from U(-90, 90) deg for every realisation (A4)
# every point: mean of the per-realisation SINR in dB and its standard error (SE = sample standard deviation / sqrt(n)); see docs/ofdm_ici_assumptions.md
draw,method,eps,sinr_opt_db_with_this_eps,angles_deg
0,CP (expected; noise free),0.01940,21.167,11.2/50.6/-12.6/6.9
0,CP (from noisy samples),0.01769,21.165,11.2/50.6/-12.6/6.9
0,exhaustive search on SINR (genie),0.01926,21.167,11.2/50.6/-12.6/6.9
0,exhaustive search on signal power,0.01907,21.167,11.2/50.6/-12.6/6.9
0,LoS Doppler,0.07200,19.749,11.2/50.6/-12.6/6.9
0,none,0.00000,20.952,11.2/50.6/-12.6/6.9
1,CP (expected; noise free),-0.01823,20.800,39.0/-54.2/33.0/44.9
1,CP (from noisy samples),-0.01642,20.796,39.0/-54.2/33.0/44.9
1,exhaustive search on SINR (genie),-0.01844,20.800,39.0/-54.2/33.0/44.9
1,exhaustive search on signal power,-0.01825,20.800,39.0/-54.2/33.0/44.9
1,LoS Doppler,0.07200,16.590,39.0/-54.2/33.0/44.9
1,none,0.00000,20.515,39.0/-54.2/33.0/44.9
2,CP (expected; noise free),-0.11150,12.035,-41.7/-20.2/-5.7/41.6
2,CP (from noisy samples),-0.11178,12.034,-41.7/-20.2/-5.7/41.6
2,exhaustive search on SINR (genie),-0.10550,12.041,-41.7/-20.2/-5.7/41.6
2,exhaustive search on signal power,-0.10657,12.040,-41.7/-20.2/-5.7/41.6
2,LoS Doppler,0.07200,8.579,-41.7/-20.2/-5.7/41.6
2,none,0.00000,10.506,-41.7/-20.2/-5.7/41.6
3,CP (expected; noise free),-0.02780,20.041,-14.2/-7.5/6.5/24.3
3,CP (from noisy samples),-0.02845,20.040,-14.2/-7.5/6.5/24.3
3,exhaustive search on SINR (genie),-0.02738,20.041,-14.2/-7.5/6.5/24.3
3,exhaustive search on signal power,-0.02742,20.041,-14.2/-7.5/6.5/24.3
3,LoS Doppler,0.07200,16.832,-14.2/-7.5/6.5/24.3
3,none,0.00000,19.695,-14.2/-7.5/6.5/24.3
4,CP (expected; noise free),0.02997,23.883,-7.1/-71.1/-40.0/-0.6
4,CP (from noisy samples),0.03071,23.881,-7.1/-71.1/-40.0/-0.6
4,exhaustive search on SINR (genie),0.02943,23.883,-7.1/-71.1/-40.0/-0.6
4,exhaustive search on signal power,0.02911,23.883,-7.1/-71.1/-40.0/-0.6
4,LoS Doppler,0.07200,22.502,-7.1/-71.1/-40.0/-0.6
4,none,0.00000,23.183,-7.1/-71.1/-40.0/-0.6
5,CP (expected; noise free),0.10074,18.341,79.1/-78.3/-62.5/-10.1
5,CP (from noisy samples),0.10371,18.321,79.1/-78.3/-62.5/-10.1
5,exhaustive search on SINR (genie),0.08794,18.379,79.1/-78.3/-62.5/-10.1
5,exhaustive search on signal power,0.09099,18.377,79.1/-78.3/-62.5/-10.1
5,LoS Doppler,0.07200,18.321,79.1/-78.3/-62.5/-10.1
5,none,0.00000,16.939,79.1/-78.3/-62.5/-10.1
6,CP (expected; noise free),-0.00837,22.941,-26.6/-10.0/-20.5/-88.9
6,CP (from noisy samples),-0.01015,22.930,-26.6/-10.0/-20.5/-88.9
6,exhaustive search on SINR (genie),-0.00800,22.941,-26.6/-10.0/-20.5/-88.9
6,exhaustive search on signal power,-0.00803,22.941,-26.6/-10.0/-20.5/-88.9
6,LoS Doppler,0.07200,16.275,-26.6/-10.0/-20.5/-88.9
6,none,0.00000,22.788,-26.6/-10.0/-20.5/-88.9
7,CP (expected; noise free),0.00856,25.770,11.5/-65.2/-57.1/35.2
7,CP (from noisy samples),0.00697,25.766,11.5/-65.2/-57.1/35.2
7,exhaustive search on SINR (genie),0.00842,25.770,11.5/-65.2/-57.1/35.2
7,exhaustive search on signal power,0.00833,25.770,11.5/-65.2/-57.1/35.2
7,LoS Doppler,0.07200,21.471,11.5/-65.2/-57.1/35.2
7,none,0.00000,25.644,11.5/-65.2/-57.1/35.2
8,CP (expected; noise free),-0.00095,21.972,49.2/17.4/-83.9/-11.3
8,CP (from noisy samples),0.00013,21.970,49.2/17.4/-83.9/-11.3
8,exhaustive search on SINR (genie),-0.00081,21.972,49.2/17.4/-83.9/-11.3
8,exhaustive search on signal power,-0.00075,21.972,49.2/17.4/-83.9/-11.3
8,LoS Doppler,0.07200,16.780,49.2/17.4/-83.9/-11.3
8,none,0.00000,21.970,49.2/17.4/-83.9/-11.3
9,CP (expected; noise free),0.01863,20.672,34.1/38.8/-17.6/-42.1
9,CP (from noisy samples),0.01943,20.670,34.1/38.8/-17.6/-42.1
9,exhaustive search on SINR (genie),0.01747,20.673,34.1/38.8/-17.6/-42.1
9,exhaustive search on signal power,0.01741,20.673,34.1/38.8/-17.6/-42.1
9,LoS Doppler,0.07200,18.556,34.1/38.8/-17.6/-42.1
9,none,0.00000,20.404,34.1/38.8/-17.6/-42.1
